ishitId,ExternalCameraId,Name,cameraType,brigadeName,siteName,x,y,Source
11912,35_81,ל\מכיוון פדואל (5 מגה)(נתיקות),LPR,חטמר אפרים,בולם 50 ,35.040403,32.063814,נתיקות - הרכשה
11659,35_82,לכיוון דיר בלוט (5 מגה)(נתיקות),LPR,חטמר אפרים,בולם 50 ,35.040403,32.063814,נתיקות - הרכשה
11660,35_83,לכיוון ראפאת (5 מגה)(נתיקות),LPR,חטמר אפרים,בולם 50 ,35.040403,32.063814,נתיקות - הרכשה
12372,5129_92,הציר המערבי של דיר אבו משעל (5 מגה)(נתיקות),LPR,חטמר אפרים,בולם 6,35.05289,31.989138,נתיקות - הרכשה
12371,5129_91,ציר מכשף דרומה (5 מגה)(נתיקות),LPR,חטמר אפרים,בולם 6,35.05288983,31.98913766,נתיקות - הרכשה
12322,4116_92,כניסה ויציאה מהכפר (5 מגה)(נתיקות),LPR,חטמר אפרים,ג'ינספוט דרומי,35.134424,32.179187,נתיקות - הרכשה
12321,4116_91,לכיוון עמנואל 2 כיווני נסיעה (5 מגה)(נתיקות),LPR,חטמר אפרים,ג'ינספוט דרומי,35.134424,32.179187,נתיקות - הרכשה
12354,125_91,המגיעים ממזרח (9 מגה)(נתיקות),LPR,חטמר אפרים,ג'ינספוט מערב,35.128498,32.184013,נתיקות - הרכשה
12336,548_92,כניסה\יציאה מג'מעאין (5 מגה)(נתיקות),LPR,חטמר אפרים,ג'מעאין,35.134424,32.179187,נתיקות - הרכשה
12323,548_91,נוסעים לכיוון אריאל\תפוח (5 מגה)(נתיקות),LPR,חטמר אפרים,ג'מעאין,35.202949,32.121854,נתיקות - הרכשה
11658,580_92,הגעה מחירבת סיר (3 מגה)(נתיקות),LPR,חטמר אפרים,גשר אתונות (36),35.05473,32.1831,נתיקות - הרכשה
11657,580_91,לכיוון חירבת סיר (3 מגה)(נתיקות),LPR,חטמר אפרים,גשר אתונות (36),35.05473,32.1831,נתיקות - הרכשה
11653,135_82,יציאה לכביש 5 מזרח (5 מגה)(נתיקות),LPR,חטמר אפרים,גשר ברקן ,35.1269,32.104,נתיקות - הרכשה
11654,135_81,יציאה לכביש 5 מערב (5 מגה)(נתיקות),LPR,חטמר אפרים,גשר ברקן ,35.1269,32.104,נתיקות - הרכשה
11644,9167_91,לכיוון מסחה (3 מגה)(נתיקות),LPR,חטמר אפרים,גשר זאוויה ,35.04818,32.10277,נתיקות - הרכשה
12158,LPR-HIK-SHY-31,גשר חבלה לצפון/ לדרום,LPR,חטמר אפרים,גשר חבלה,34.975579,32.174385,משטרה - הרכשה
11676,236_81,מ\לדיר בלוט (3 מגה)(נתיקות),LPR,חטמר אפרים,כיכר אלימלך,35.0632467,32.066777,נתיקות - הרכשה
11675,5_82,מ\לכיכר ברוקין (3 מגה)(נתיקות),LPR,חטמר אפרים,כיכר אלימלך,35.0640385,32.066654,נתיקות - הרכשה
11674,5_81,מ\לכפר א-דיק (3 מגה)(נתיקות),LPR,חטמר אפרים,כיכר אלימלך,35.0638721,32.066467,נתיקות - הרכשה
12236,195_91,הנוסעים לכיוון תפוח (9 מגה)(נתיקות),LPR,חטמר אפרים,כיכר אריאל,35.16687995,32.10889886,נתיקות - הרכשה
11298,Site66SouthFront1,נוסעים לכיוון אריאל נתיב ימני - דרומה  (קדמי),LPR,חטמר אפרים,כיכר אריאל,35.165373,32.108801,HTS - הרכשה
11299,Site66SouthFront2,נוסעים לכיוון אריאל נתיב שמאלי - דרומה (קדמי),LPR,חטמר אפרים,כיכר אריאל,35.165373,32.108801,HTS - הרכשה
11301,Site66WestFront1,נוסעים לכיוון גיתאי אבישר נתיב ימני - מערבה (קדמי),LPR,חטמר אפרים,כיכר אריאל,35.165001,32.109673,HTS - הרכשה
11302,Site66WestFront2,נוסעים לכיוון גיתאי אבישר נתיב שמאלי - מערבה (קדמי),LPR,חטמר אפרים,כיכר אריאל,35.165001,32.109673,HTS - הרכשה
11300,Site66SouthWestFront,נוסעים לכיוון חברת חשמל - דרום מערב (קדמי),LPR,חטמר אפרים,כיכר אריאל,35.16486,32.109089,HTS - הרכשה
11296,Site66EastFront,נוסעים לכיוון תפוח - מזרחה (קדמי),LPR,חטמר אפרים,כיכר אריאל,35.165969,32.108899,HTS - הרכשה
11297,Site66NorthFront,נכנסים לכיוון כיפל חארת' - צפונה (קדמי),LPR,חטמר אפרים,כיכר אריאל,35.165837,32.109632,HTS - הרכשה
11830,Site66KikarFront1,נסיעה במערב הכיכר נתיב ימני (קדמי),LPR,חטמר אפרים,כיכר אריאל,35.16501,32.10894,HTS - הרכשה
11829,Site66KikarFront2,נסיעה במערב הכיכר נתיב שמאלי (קדמי),LPR,חטמר אפרים,כיכר אריאל,35.16501,32.10894,HTS - הרכשה
9393,166_82,ציר יציאה מכפר ברוקין (5 מגה)(נתיקות),LPR,חטמר אפרים,כפר ברוקין,35.10354782,32.0898305,נתיקות - הרכשה
9394,166_81,ציר כניסה לכפר ברוקין (5 מגה)(נתיקות),LPR,חטמר אפרים,כפר ברוקין,35.10355734,32.08980671,נתיקות - הרכשה
8855,0874_92,יוצאים מקלקיליה (מערבית למוצב 422) (9 מגה)(נתיקות),LPR,חטמר אפרים,מוצב 422 (קלקיליה),34.996443,32.18792289,נתיקות - הרכשה
8854,0874_91,לכיוון מוצב 422 (2 מגה)(נתיקות),LPR,חטמר אפרים,מוצב 422 (קלקיליה),34.996443,32.18798,נתיקות - הרכשה
8983,0874_93,נכנסים לקלקיליה (מערבית למוצב 422) (9 מגה)(נתיקות),LPR,חטמר אפרים,מוצב 422 (קלקיליה),34.996443,32.18798,נתיקות - הרכשה
11397,LPR-HIK-SHY-6,קלקיליה כ. 5505 יציאה מ-י,LPR,חטמר אפרים,מוצב 422 (קלקיליה),34.996227,32.18815,משטרה - הרכשה
11396,LPR-HIK-SHY-5,קלקיליה כ. 5505 כניסה מ-י,LPR,חטמר אפרים,מוצב 422 (קלקיליה),34.996227,32.18815,משטרה - הרכשה
11781,LPR-HIK-MKZ-140,מעבר אליהו 109 מאדום,LPR,חטמר אפרים,מעבר אליהו,35.000488,32.185502,משטרה - הרכשה
11782,LPR-HIK-MKZ-7,מעבר אליהו 109 מכחול,LPR,חטמר אפרים,מעבר אליהו,34.998396,32.184362,משטרה - הרכשה
12631,LPR-HIK-MKZ-8,"מעבר אליהו 109, מכחול צילום אחורי",LPR,חטמר אפרים,מעבר אליהו,35.000488,32.185502,משטרה - הרכשה
11783,LPR-HIK-MKZ-143,מעבר חוצה שומרון 110 מאדום,LPR,חטמר אפרים,מעבר חוצה שומרון,35.009664,32.108112,משטרה - הרכשה
11784,LPR-HIK-MKZ-43,מעבר חוצה שומרון 110 מכחול,LPR,חטמר אפרים,מעבר חוצה שומרון,35.00765,32.10786,משטרה - הרכשה
12480,LPR-HIK-MKZ-252,מעבר חוצה שומרון 110 מכחול - צילום אחורי,LPR,חטמר אפרים,מעבר חוצה שומרון,35.00765,32.10786,משטרה - הרכשה
11797,LPR-HIK-MKZ-75,מעבר חשמונאים 446 מאדום,LPR,חטמר אפרים,מעבר חשמונאים,35.032443,31.94204,משטרה - הרכשה
11796,LPR-HIK-MKZ-23,מעבר חשמונאים 446 מכחול,LPR,חטמר אפרים,מעבר חשמונאים,35.03337632,31.94054149,משטרה - הרכשה
11785,LPR-HIK-MKZ-19,מעבר מכבים 443 מאדום 1+2,LPR,חטמר אפרים,מעבר מכבים,35.043621,31.896993,משטרה - הרכשה
11787,LPR-HIK-MKZ-20,מעבר מכבים 443 מאדום 3+4,LPR,חטמר אפרים,מעבר מכבים,35.043621,31.896993,משטרה - הרכשה
11790,LPR-HIK-MKZ-57,מעבר מכבים 443 מכחול,LPR,חטמר אפרים,מעבר מכבים,35.04276,31.897425,משטרה - הרכשה
12302,LPR-HIK-MKZ-13-1,מעבר צופים 107 מאדום ,LPR,חטמר אפרים,מעבר צופים,34.99948,32.19326,משטרה - הרכשה
12305,LPR-HIK-MKZ-14-2,מעבר צופים 107 מאדום צילום אחורי,LPR,חטמר אפרים,מעבר צופים,34.99948,32.19326,משטרה - הרכשה
12304,LPR-HIK-MKZ-14-1,מעבר צופים 107 מכחול ,LPR,חטמר אפרים,מעבר צופים,34.99948,32.19326,משטרה - הרכשה
12303,LPR-HIK-MKZ-13-2,מעבר צופים 107 מכחול צילום אחורי,LPR,חטמר אפרים,מעבר צופים,34.99948,32.19326,משטרה - הרכשה
11789,LPR-HIK-MKZ-3,מעבר שילה-רנטיס מאדום,LPR,חטמר אפרים,מעבר שילה-רנטיס,32.040287,35.006268,משטרה - הרכשה
11788,LPR-HIK-MKZ-2,מעבר שילה-רנטיס מכחול,LPR,חטמר אפרים,מעבר שילה-רנטיס,35.006268,32.040287,משטרה - הרכשה
12579,203_901,לכיוון המרקם חיים (3 מגה) (נתיקות),LPR,חטמר אפרים,מרקם חיים שוקבא,35.04724385,31.98061694,נתיקות - הרכשה
11666,185_81,ציר הכניסה מרנתיס (5 מגה)(נתיקות),LPR,חטמר אפרים,מתג 30 - רנתיס ,35.0132,32.0354,נתיקות - הרכשה
11667,185_82,ציר הנסיעה לכיוון בית אריה\חלמיש (5 מגה)(נתיקות),LPR,חטמר אפרים,מתג 30 - רנתיס ,35.0132,32.0354,נתיקות - הרכשה
11641,199_93,כניסה לעזון (9 מגה)(נתיקות),LPR,חטמר אפרים,נבי אליאס מזרח ,35.029773,32.184349,נתיקות - הרכשה
11643,199_91,מ\לכיוון נבי אליאס (5 מגה)(נתיקות),LPR,חטמר אפרים,נבי אליאס מזרח ,35.029773,32.184349,נתיקות - הרכשה
11642,199_92,מכיוון עזון (5 מגה)(נתיקות),LPR,חטמר אפרים,נבי אליאס מזרח ,35.029773,32.184349,נתיקות - הרכשה
11640,9187_91,ממזרח למערב (9 מגה)(נתיקות),LPR,חטמר אפרים,נבי אליאס מזרח ,35.03019,32.183328,נתיקות - הרכשה
11639,0190_91,ממערב למזרח (9 מגה)(נתיקות),LPR,חטמר אפרים,נבי אליאס מזרח ,35.031223,32.183635,נתיקות - הרכשה
9385,0166_91,לכיוון מעבר אליהו (5 מגה)(נתיקות),LPR,חטמר אפרים,נבי אליאס מערב ,35.01049,32.187153,נתיקות - הרכשה
9386,131_91,לכיוון עזון (5 מגה)(נתיקות),LPR,חטמר אפרים,נבי אליאס מערב ,35.012236,32.187282,נתיקות - הרכשה
9388,120_92,מנבי אליאס לכיוון ציר שחפים (5 מגה)(נתיקות),LPR,חטמר אפרים,נבי אליאס מערב ,35.011358,32.186824,נתיקות - הרכשה
9387,120_91,מציר שחפים לכיוון נבי אליאס (5 מגה)(נתיקות),LPR,חטמר אפרים,נבי אליאס מערב ,35.01134132,32.18683161,נתיקות - הרכשה
12569,634_91,ציר 465 - שני הכיוונים (5 מגה) (נתיקות),LPR,חטמר אפרים,נווה יאיר,35.101784,32.007807,נתיקות - הרכשה
11663,33_83,יציאה מנעלין (9 מגה)(נתיקות),LPR,חטמר אפרים,פילבוקס 418 ,35.03163397,31.9449979,נתיקות - הרכשה
11665,33_82,מגיעים מהמחסום (דרום) (9 מגה)(נתיקות),LPR,חטמר אפרים,פילבוקס 418 ,35.031632,31.945002,נתיקות - הרכשה
11664,33_81,מגיעים מנילי (צפון) (5 מגה)(נתיקות),LPR,חטמר אפרים,פילבוקס 418 ,35.031632,31.945002,נתיקות - הרכשה
11645,45_92,יציאה מכפר נעמה (9 מגה)(נתיקות),LPR,חטמר אפרים,פילבוקס ראס כרכר ,35.1010974,31.941819,נתיקות - הרכשה
11646,45_91,מצפון לדרום (9 מגה)(נתיקות),LPR,חטמר אפרים,פילבוקס ראס כרכר ,35.10116,31.941871,נתיקות - הרכשה
11398,LPR-HIK-SHY-17-1,צ. דיר בלוט כ. 446 למזרח מ-י,LPR,חטמר אפרים,צ. דיר בלוט כ. 446,35.040916,32.06383,משטרה - הרכשה
11399,LPR-HIK-SHY-17-2,צ. דיר בלוט כ. 446 למערב מ-י,LPR,חטמר אפרים,צ. דיר בלוט כ. 446,35.040916,32.06383,משטרה - הרכשה
4441,Site53SouthFront1,כניסה ויציאה מהכפר עין איוב1,LPR,חטמר אפרים,צ. הדואר ,35.09399428,31.94806222,HTS - הרכשה
4440,Site53NorthRear1,כניסה ויציאה מהכפר עין איוב2,LPR,חטמר אפרים,צ. הדואר ,35.09395145,31.94803366,HTS - הרכשה
4439,Site53EastRear1,מהצומת לכיוון נעלה (מערבה),LPR,חטמר אפרים,צ. הדואר ,35.09314719,31.94830492,HTS - הרכשה
4444,Site53SouthFront2,מהצומת לכיוון ראס כרכר (מערבה),LPR,חטמר אפרים,צ. הדואר ,35.09456535,31.94775765,HTS - הרכשה
4442,Site53WestFront1,מנעלה לצומת (מזרחה),LPR,חטמר אפרים,צ. הדואר ,35.09313768,31.9483192,HTS - הרכשה
4443,Site53NorthRear2,מראס כרכר לכיוון הצומת (מזרחה),LPR,חטמר אפרים,צ. הדואר ,35.09460818,31.94781951,HTS - הרכשה
12437,LPR-HIK-SHY-23-1,"צ. מעלה ישראל, כ. 505, למזרח",LPR,חטמר אפרים,צ. מעלה ישראל,35.10453,32.117196,משטרה - הרכשה
12601,LPR-HIK-SHY-23-2,"צ. מעלה ישראל, כ. 505, למערב",LPR,חטמר אפרים,צ. מעלה ישראל,35.10452572,32.11719336,משטרה - הרכשה
11401,LPR-HIK-SHY-16-2,צ. נעלה כ. 463 למזרח מ-י,LPR,חטמר אפרים,צ. נעלה כ. 463,35.06674,31.961334,משטרה - הרכשה
11400,LPR-HIK-SHY-16-1,צ. נעלה כ. 463 למערב מ-י,LPR,חטמר אפרים,צ. נעלה כ. 463,35.06674,31.961334,משטרה - הרכשה
11704,223_91,כניסה ויציאה מהכפר (כחול חשאי),LPR,חטמר אפרים,צ. עזון,35.056657,32.183251,נתיקות - הרכשה
11730,LPR-HIK-SHY-9-1,צ. עזון מערב כ. 55 למזרח,LPR,חטמר אפרים,צ. עזון,35.051267,32.182495,משטרה - הרכשה
11731,LPR-HIK-SHY-9-2,צ. עזון מערב כ. 55 למערב,LPR,חטמר אפרים,צ. עזון,35.051267,32.182495,משטרה - הרכשה
12439,LPR-HIK-SHY-27,"צ. קרית נטפים, כ. 505, למזרח",LPR,חטמר אפרים,צ. קרית נטפים,35.1168853,32.1131699,משטרה - הרכשה
12438,LPR-HIK-SHY-26,"צ. קרית נטפים, כ. 505, למערב",LPR,חטמר אפרים,צ. קרית נטפים,35.116581,32.113416,משטרה - הרכשה
11647,167_81,לכיוון קדומים (5 מגה)(נתיקות),LPR,חטמר אפרים,צומת 094 - מזרח-מערב (34),35.133203,32.186044,נתיקות - הרכשה
11648,167_82,"לכיוון קרנ""ש (5 מגה)(נתיקות)",LPR,חטמר אפרים,צומת 094 - מזרח-מערב (34),35.133203,32.186044,נתיקות - הרכשה
11649,196_90,לכיוון יקיר/ברקן (7 מגה)(נתיקות),LPR,חטמר אפרים,צומת 094 - צפון-דרום (34),35.133328,32.184754,נתיקות - הרכשה
8888,1182_90, לכיוון חלמיש (9 מגה)(נתיקות),LPR,חטמר אפרים,צומת 581 (180) ,35.039153,32.005524,נתיקות - הרכשה
12366,1181_81,לכיוון הכיכר (ציר מלכה) (5 מגה)(נתיקות),LPR,חטמר אפרים,צומת 581 (180) ,35.0381,32.005,נתיקות - הרכשה
9130,1181_82,ציר הנסיעה דרומה לכיוון נילי (5 מגה)(נתיקות),LPR,חטמר אפרים,צומת 581 (180) ,35.0381,32.005,נתיקות - הרכשה
9129,1181_83,ציר הנסיעה צפונה לכיוון עופרים (5 מגה)(נתיקות),LPR,חטמר אפרים,צומת 581 (180) ,35.0381,32.005,נתיקות - הרכשה
9139,63_82,לכיוון עזון (9 מגה)(נתיקות),LPR,חטמר אפרים,צומת 751 (36) ,35.0596,32.1837,נתיקות - הרכשה
9141,63_81,"לכיוון קרנ""ש (5 מגה)(נתיקות)",LPR,חטמר אפרים,צומת 751 (36) ,35.05960435,32.18369923,נתיקות - הרכשה
8874,229_82,"לכיוון ניל""י (5 מגה)(נתיקות)",LPR,חטמר אפרים,צומת 969 - מזרח\מערב,35.043535,31.967296,נתיקות - הרכשה
8875,229_81,לכיוון צפון (עפרים) (9 מגה)(נתיקות),LPR,חטמר אפרים,צומת 969 - מזרח\מערב,35.043535,31.967296,נתיקות - הרכשה
8872,55_82,בתוך הכיכר לכיון דרום (5 מגה)(נתיקות),LPR,חטמר אפרים,צומת 969 דרום\צפון,35.042153,31.9672,נתיקות - הרכשה
8873,55_81,מכיוון צפון (9 מגה)(נתיקות),LPR,חטמר אפרים,צומת 969 דרום\צפון,35.042153,31.9672,נתיקות - הרכשה
12318,1025_901,לכיוון ברוקין (9 מגה)(נתיקות),LPR,חטמר אפרים,צומת ברוקין ,35.103834,32.091554,נתיקות - הרכשה
12317,1025_902,לכיוון כביש 5 (9 מגה)(נתיקות),LPR,חטמר אפרים,צומת ברוקין ,35.10365258,32.09160293,נתיקות - הרכשה
9403,9219_91,מכביש 5 לכיוון פדואל (5 מגה)(נתיקות),LPR,חטמר אפרים,צומת ברוקין ,35.104216,32.0922273,נתיקות - הרכשה
9404,9219_92,מפדואל לכיוון כביש 5 (5 מגה)(נתיקות),LPR,חטמר אפרים,צומת ברוקין ,35.104216,32.0922273,נתיקות - הרכשה
11304,Site65111EastFront,הנוסעים למזרח מכיוון ברקן - נתיב ימני (קדמי),LPR,חטמר אפרים,צומת גיתאי אבישר,35.140477,32.10947,HTS - הרכשה
11305,Site65112EastFront,הנוסעים למזרח מכיוון ברקן - נתיב שמאלי (קדמי),LPR,חטמר אפרים,צומת גיתאי אבישר,35.1388079,32.1090917,HTS - הרכשה
11311,Site65162EastRear,הנוסעים מזרחה לכיוון אריאל - נתיב ימני (אחורי),LPR,חטמר אפרים,צומת גיתאי אבישר,35.142064,32.109535,HTS - הרכשה
11310,Site65161EastRear,הנוסעים מזרחה לכיוון אריאל - נתיב שמאלי (אחורי),LPR,חטמר אפרים,צומת גיתאי אבישר,35.1420641,32.1095346,HTS - הרכשה
11306,Site65121WestFront,הנוסעים מערבה - נתיב השתלבות (קדמי),LPR,חטמר אפרים,צומת גיתאי אבישר,35.1386831,32.1093786,HTS - הרכשה
11307,Site65122WestFront,הנוסעים מערבה - נתיב ימני (קדמי),LPR,חטמר אפרים,צומת גיתאי אבישר,35.1386831,32.1093786,HTS - הרכשה
11308,Site65123WestFront,הנוסעים מערבה - נתיב שמאלי (קדמי),LPR,חטמר אפרים,צומת גיתאי אבישר,35.1386831,32.1093786,HTS - הרכשה
11309,Site65131NorthFront,הפונים ממזרח לצפון- (ציר אנקה),LPR,חטמר אפרים,צומת גיתאי אבישר,35.1402399,32.1099775,HTS - הרכשה
11677,Site65142NorthFront,הפונים ממערב לצפון - (ציר אנקה),LPR,חטמר אפרים,צומת גיתאי אבישר,32.109977,35.1402399,HTS - הרכשה
9556,141_90,לכיוון יקיר (7 מגה)(נתיקות),LPR,חטמר אפרים,צומת גיתאי אבישר,35.1377,32.1098,נתיקות - הרכשה
9325,94_91,יציאה מדיר איבזיע (7 מגה)(נתיקות),LPR,חטמר אפרים,צומת הפרסה ,35.11529839,31.92910145,נתיקות - הרכשה
9342,94_92,כניסה לדיר איבזיע (5 מגה)(נתיקות),LPR,חטמר אפרים,צומת הפרסה ,35.1153,31.929064,נתיקות - הרכשה
11668,184_92,ציר הנסיעה מכיוון צומת חארס לדרום (5 מגה)(נתיקות),LPR,חטמר אפרים,צומת חארס (45),35.13282,32.113049,נתיקות - הרכשה
11669,184_91,ציר הנסיעה מכיוון צומת חארס לצפון (5 מגה)(נתיקות),LPR,חטמר אפרים,צומת חארס (45),35.13282,32.113049,נתיקות - הרכשה
12204,184_93,ציר הנסיעה מצפון לצומת חארס (9 מגה)(נתיקות),LPR,חטמר אפרים,צומת חארס (45),35.13282,32.113049,נתיקות - הרכשה
11651,9142_82,יציאה וכניסה לכיכר מחלמיש (5 מגה)(נתיקות),LPR,חטמר אפרים,צומת חלמיש ,35.131297,32.010108,נתיקות - הרכשה
11652,9142_81,לכיוון נבי צלאח (5 מגה)(נתיקות),LPR,חטמר אפרים,צומת חלמיש ,35.131297,32.010108,נתיקות - הרכשה
12313,9142_84,לכיכר חלמיש (5 מגה)(נתיקות),LPR,חטמר אפרים,צומת חלמיש ,35.131297,32.010108,נתיקות - הרכשה
11650,9142_83,מהכיכר לכיוון מזרח (5 מגה)(נתיקות),LPR,חטמר אפרים,צומת חלמיש ,35.131297,32.010108,נתיקות - הרכשה
9137,34_90,מדרום לצפון (9 מגה)(נתיקות),LPR,חטמר אפרים,צומת יקיר לכיוון עמנואל,35.1348,32.10277,נתיקות - הרכשה
9138,3107_90,מצפון לדרום (9 מגה)(נתיקות),LPR,חטמר אפרים,צומת יקיר לכיוון רבבה,35.1344,32.1375,נתיקות - הרכשה
8902,80_81,יוצאים ונכנסים מנבי צלאח (9 מגה)(נתיקות),LPR,חטמר אפרים,צומת נבי צלאח ,35.128882,32.013941,נתיקות - הרכשה
12008,Site2-67EastFront,יציאה מנבי צלאח,LPR,חטמר אפרים,צומת נבי צלאח ,35.129223,32.012894,HTS - הרכשה
12006,Site2-67WestRear,כניסה לנבי צלאח,LPR,חטמר אפרים,צומת נבי צלאח ,35.128628,32.013691,HTS - הרכשה
8901,80_83,למגיעים מכיוון אום צפא (9 מגה)(נתיקות),LPR,חטמר אפרים,צומת נבי צלאח ,35.128882,32.013841,נתיקות - הרכשה
8903,80_82,לעולים מכיוון עאבוד (2 הנתיבים) (5 מגה)(נתיקות),LPR,חטמר אפרים,צומת נבי צלאח ,35.128882,32.013841,נתיקות - הרכשה
12007,Site2-67SouthRear,נסיעה לכיוון דיר אבו משעל (אחורי),LPR,חטמר אפרים,צומת נבי צלאח ,35.128552,32.01361,HTS - הרכשה
12009,Site2-67NorthFront,נסיעה מכיוון דיר אבו משעל (קדמי) לכיוון צומת נבי צלאח,LPR,חטמר אפרים,צומת נבי צלאח ,35.129354,32.012889,HTS - הרכשה
9324,51_92,יציאה מעאבוד (9 מגה)(נתיקות),LPR,חטמר אפרים,צומת עאבוד,35.0786269,32.012442,נתיקות - הרכשה
9343,51_91,מ/לכיוון עופרים (9 מגה)(נתיקות),LPR,חטמר אפרים,צומת עאבוד,35.079,32.012,נתיקות - הרכשה
11655,226_81,לכיוון בית אמין (5 מגה)(נתיקות),LPR,חטמר אפרים,צומת עזון עתמה ,35.016594,32.130912,נתיקות - הרכשה
11656,226_82,לכיוון עזון עתמה (5 מגה)(נתיקות),LPR,חטמר אפרים,צומת עזון עתמה ,35.016594,32.130912,נתיקות - הרכשה
11403,LPR-HIK-SHY-15-2,"צ. קרנ""ש כ. 55 למזרח מ-י",LPR,חטמר אפרים,"צומת קרנ""ש",35.06166,32.1841,משטרה - הרכשה
11402,LPR-HIK-SHY-15-1,"צ. קרנ""ש כ. 55 למערב מ-י",LPR,חטמר אפרים,"צומת קרנ""ש",35.06166,32.1841,משטרה - הרכשה
9326,187_82,ציר נסיעה לכיוון קדומים (5 מגה)(נתיקות),LPR,חטמר אפרים,"צומת קרנ""ש",35.098678,32.177414,נתיקות - הרכשה
9327,187_81,"ציר נסיעה מכיוון קדומים לקרנ""ש (5 מגה)(נתיקות)",LPR,חטמר אפרים,"צומת קרנ""ש",35.098678,32.177414,נתיקות - הרכשה
12580,210_902,יציאה משוקבא (3 מגה) (נתיקות),LPR,חטמר אפרים,צומת שוקבא,35.0487,31.98142,נתיקות - הרכשה
12581,210_901,כניסה לשוקבא (3 מגה) (נתיקות),LPR,חטמר אפרים,צומת שוקבא,35.0487,31.98142,נתיקות - הרכשה
7933,4138_92,מכיוון ביתוניא למחסום (9 מגה)(נתיקות),LPR,חטמר בנימין, מחסום בל ,35.10405,31.886365,נתיקות - הרכשה
7934,4138_93,מכיוון המחסום לביתוניא (3 מגה)(נתיקות),LPR,חטמר בנימין, מחסום בל ,35.10405,31.886365,נתיקות - הרכשה
7932,4138_91,ציר לבית עור אתחתא (9 מגה)(נתיקות),LPR,חטמר בנימין, מחסום בל ,35.104105,31.886365,נתיקות - הרכשה
11452,100_82,לכיוון ביר זית (5 מגה)(נתיקות),LPR,חטמר בנימין,ביר זית עליון,35.200024,31.982715,נתיקות - הרכשה
11453,100_81,לכיוון עטארה (9 מגה)(נתיקות),LPR,חטמר בנימין,ביר זית עליון,35.200024,31.982715,נתיקות - הרכשה
9396,129_90,ציר אדום - מרקם חיים בית סירא (9 מגה)(נתיקות),LPR,חטמר בנימין,בית סירא - שער קיפי,35.05569,31.89364,נתיקות - הרכשה
11446,215_91,מרקם חיים (5 מגה)(נתיקות),LPR,חטמר בנימין,בית עור אל פוקא,35.118402,31.8775,נתיקות - הרכשה
11427,81_81,מ\לכיוון כפר מלק 1 (5 מגה)(נתיקות),LPR,חטמר בנימין,בעל חצור,35.2942,31.979,נתיקות - הרכשה
11428,81_82,מ-לכיוון כפר מלק 2 (5 מגה)(נתיקות),LPR,חטמר בנימין,בעל חצור,35.2942,31.979,נתיקות - הרכשה
12000,126_91,הנוסעים לכיוון אל ג'יב (9 מגה)(נתיקות),LPR,חטמר בנימין,גבעון - משוקעת,35.1747579,31.8425206,נתיקות - הרכשה
12001,126_92,הנוסעים לכיוון בידו (9 מגה)(נתיקות),LPR,חטמר בנימין,גבעון - משוקעת,35.1747579,31.8425206,נתיקות - הרכשה
12567,1209_91,לכיוון ציר הגישה לרמאללה (PTZ-LPR)(נתיקות),LPR,חטמר בנימין,גג האוגדה,35.222387,31.925459,נתיקות - הרכשה
12568,101_91,מרקם חיים דיר דבואן (PTZ-LPR) (נתיקות),LPR,חטמר בנימין,דיר דבואן,35.246589,31.917753,נתיקות - הרכשה
11673,4224_84,יוצאים מחיזמא (3 מגה)(נתיקות),LPR,חטמר בנימין,חיזמא - צומת 12,35.251519,31.832044,נתיקות - הרכשה
11670,249_92,נוסעים לירושלים (3 מגה)(נתיקות),LPR,חטמר בנימין,חיזמא - צומת 12,35.2519787,31.832347,נתיקות - הרכשה
11671,249_91,נוסעים מירושלים (3 מגה)(נתיקות),LPR,חטמר בנימין,חיזמא - צומת 12,35.2519787,31.832347,נתיקות - הרכשה
11672,4224_83,נכנסים לחיזמא (3 מגה)(נתיקות),LPR,חטמר בנימין,חיזמא - צומת 12,35.251519,31.832044,נתיקות - הרכשה
12625,943_901,יציאה מרוואבי (9 מגה)(נתיקות),LPR,חטמר בנימין,כיכר רוואבי,35.192128,31.989443,נתיקות - הרכשה
13008,22_91,מגיעים מכיוון סילוואד (9 מגה) (נתיקות),LPR,חטמר בנימין,מוצב עפרה,35.261333,31.960354,נתיקות - הרכשה
13009,22_92,מגיעים מכיוון עין יברוד (5 מגה) (נתיקות),LPR,חטמר בנימין,מוצב עפרה,35.261333,31.960354,נתיקות - הרכשה
12477,LPR-HIK-JER-26,כ.443 מכחול (מחנה עופר),LPR,חטמר בנימין,מחנה עופר,35.17698,31.87185,משטרה - הרכשה
12377,1092_91,יציאה מירושלים מזרח (9 מגה)(נתיקות),LPR,חטמר בנימין,מחסום חיזמא ,35.252647,31.82838,נתיקות - הרכשה
12378,1092_92,כניסה לירושלים מערב (5 מגה)(נתיקות),LPR,חטמר בנימין,מחסום חיזמא ,35.252542,31.82848,נתיקות - הרכשה
12958,LPR-HIK-JER-30,מעבר חיזמא 437 מאדום 2,LPR,חטמר בנימין,מחסום חיזמא ,35.251445,31.827916,משטרה - הרכשה
11764,LPR-HIK-JER-29,מעבר חיזמה 437 מאדום 1,LPR,חטמר בנימין,מחסום חיזמא ,35.25277,31.8287,משטרה - הרכשה
11742,LPR-HIK-JER-1,מעבר חיזמה 437 מכחול,LPR,חטמר בנימין,מחסום חיזמא ,35.252192,31.827897,משטרה - הרכשה
12029,22_81,יציאה מרמאללה (7 מגה)(נתיקות),LPR,חטמר בנימין,מחסום ליל - ליצי,35.256149,31.853933,נתיקות - הרכשה
12577,254_92,נכנסים לרמאללה נתיב ימני (9 מגה)(נתיקות),LPR,חטמר בנימין,מחסום ליל - ליצי,35.256149,31.853933,נתיקות - הרכשה
12576,254_91,נכנסים לרמאללה נתיב שמאלי (9 מגה)(נתיקות),LPR,חטמר בנימין,מחסום ליל - ליצי,35.256149,31.853933,נתיקות - הרכשה
11422,Site46612EastRear1,ציר לטאה ממזרח למערב (לכיוון א-ראם),LPR,חטמר בנימין,מחסום ליל - ליצי,35.2284,31.85411,HTS - הרכשה
11423,Site46612EastRear2,ציר לטאה ממזרח למערב (לכיוון א-ראם)2,LPR,חטמר בנימין,מחסום ליל - ליצי,35.2284,31.85411,HTS - הרכשה
11420,Site46611WestFront1,ציר לטאה ממערב למזרח (לכיוון אדם),LPR,חטמר בנימין,מחסום ליל - ליצי,35.255702,31.854076,HTS - הרכשה
11421,Site46611WestFront2,ציר לטאה ממערב למזרח (לכיוון אדם)2,LPR,חטמר בנימין,מחסום ליל - ליצי,35.255702,31.854076,HTS - הרכשה
12141,Site2-33SouthFront,הבאים מכיוון בית אל לצומת ביתין (קדמי),LPR,חטמר בנימין,מחסום פוקוס,35.228286,31.925603,HTS - הרכשה
12142,Site2-33NorthRear,הנוסעים מצומת ביתין לכיוון בית אל (אחורי),LPR,חטמר בנימין,מחסום פוקוס,35.228379,31.925613,HTS - הרכשה
12140,Site2-33WestFront,יציאה מביתין,LPR,חטמר בנימין,מחסום פוקוס,35.22822,31.925319,HTS - הרכשה
12137,Site2-33NorthEast-Rear2,יציאה מרמאללה,LPR,חטמר בנימין,מחסום פוקוס,NULL,NULL,HTS - הרכשה
12265,204_90,יציאה מרמאללה (7 מגה)(נתיקות),LPR,חטמר בנימין,מחסום פוקוס,35.22838279,31.92561593,נתיקות - הרכשה
12273,Site2-33EastRear,כניסה לביתין,LPR,חטמר בנימין,מחסום פוקוס,NULL,NULL,HTS - הרכשה
12272,Site2-33SouthWestRear2,כניסה לרמאללה אחורי ויציאה קדמי,LPR,חטמר בנימין,מחסום פוקוס,NULL,NULL,HTS - הרכשה
12572,253_91,כניסה לרמאללה נתיב ימין (9 מגה)(נתיקות),LPR,חטמר בנימין,מחסום פוקוס,35.225968,31.924238,נתיקות - הרכשה
12271,Site2-33SouthWestRear1,כניסה לרמאללה נתיב ימני,LPR,חטמר בנימין,מחסום פוקוס,35.225767,31.924036,HTS - הרכשה
12136,Site2-33NorthEastRear1,נתיב אמצעי יציאה מרמאללה (אחורי),LPR,חטמר בנימין,מחסום פוקוס,35.226033,31.924191,HTS - הרכשה
12478,LPR-HIK-JER-16,מנהרת ארזים למזרח,LPR,חטמר בנימין,מנהרת הארזים,35.191218,31.800925,משטרה - הרכשה
12479,LPR-HIK-JER-13,מנהרת ארזים למערב,LPR,חטמר בנימין,מנהרת הארזים,35.19439,31.800828,משטרה - הרכשה
11771,LPR-HIK-JER-58-2, א-זעיים מאדום,LPR,חטמר בנימין,מעבר א-זעיים,35.263153,31.783818,משטרה - הרכשה
11770,LPR-HIK-JER-58-1,א-זעיים מאדום יציאה,LPR,חטמר בנימין,מעבר א-זעיים,35.263153,31.783818,משטרה - הרכשה
12468,LPR-HIK-JER-159,י-ם מעבר א-זעיים מאדום נתיב 1,LPR,חטמר בנימין,מעבר א-זעיים,35.263806,31.783301,משטרה - הרכשה
12469,LPR-HIK-JER-160,י-ם מעבר א-זעיים מאדום נתיב 2,LPR,חטמר בנימין,מעבר א-זעיים,35.263806,31.783301,משטרה - הרכשה
12470,LPR-HIK-JER-161,י-ם מעבר א-זעיים מאדום נתיב 3,LPR,חטמר בנימין,מעבר א-זעיים,35.263808,31.783303,משטרה - הרכשה
12471,LPR-HIK-JER-38,מנהרת א-זעיים מכחול,LPR,חטמר בנימין,מעבר א-זעיים,35.261584,31.783971,משטרה - הרכשה
11752,LPR-HIK-JER-126,מעבר א-זעיים מכחול צילום קדמי,LPR,חטמר בנימין,מעבר א-זעיים,35.263757,31.783185,משטרה - הרכשה
11775,LPR-HIK-JER-71,א-זעיים מאדום נתיב 2,LPR,חטמר בנימין,מעבר א-זעיים - מחלף,35.289782,31.784179,משטרה - הרכשה
11774,LPR-HIK-JER-70,א-זעיים מאדום נתיב 3,LPR,חטמר בנימין,מעבר א-זעיים - מחלף,35.289782,31.784179,משטרה - הרכשה
11761,LPR-HIK-JER-21,מעבר אל-גיב מאדום,LPR,חטמר בנימין,מעבר אל גיב,35.176427,31.856869,משטרה - הרכשה
11760,LPR-HIK-JER-20,מעבר אל-גיב מכחול,LPR,חטמר בנימין,מעבר אל גיב,35.17509,31.85727,משטרה - הרכשה
12716,982_91,מעבר 1,LPR,חטמר בנימין,מעבר חיזמא,35.2521906,31.8281599,נתיקות - הרכשה
12717,982_93,מעבר 2,LPR,חטמר בנימין,מעבר חיזמא,35.2521906,31.8281599,NULL
12718,982_92,מעבר 3,LPR,חטמר בנימין,מעבר חיזמא,35.2521906,31.8281599,NULL
12465,LPR-HIK-JER-139,ים מעבר ציר הטבעת מאדום נתיב 1,LPR,חטמר בנימין,מעבר ציר הטבעת,35.259364,31.798879,משטרה - הרכשה
12466,LPR-HIK-JER-140,י-ם מעבר ציר הטבעת מאדום נתיב 2,LPR,חטמר בנימין,מעבר ציר הטבעת,35.259364,31.798879,משטרה - הרכשה
12467,LPR-HIK-JER-141,י-ם מעבר ציר הטבעת מכחול,LPR,חטמר בנימין,מעבר ציר הטבעת,35.25934,31.798798,משטרה - הרכשה
11758,LPR-HIK-JER-133,מעבר קלנדיה מאדום 2-3,LPR,חטמר בנימין,מעבר קלנדיה,35.22762,31.862441,משטרה - הרכשה
11755,LPR-HIK-JER-129,מעבר קלנדיה מאדום נתיב 1,LPR,חטמר בנימין,מעבר קלנדיה,35.227696,31.862571,משטרה - הרכשה
11753,LPR-HIK-JER-127,מעבר קלנדיה מכחול נתיב 1,LPR,חטמר בנימין,מעבר קלנדיה,35.227695,31.862105,משטרה - הרכשה
11754,LPR-HIK-JER-128,מעבר קלנדיה מכחול נתיב 2,LPR,חטמר בנימין,מעבר קלנדיה,35.227695,31.862105,משטרה - הרכשה
12570,LPR-HIK-JER-130-1,"מעבר קלנדיה, מאדום",LPR,חטמר בנימין,מעבר קלנדיה,35.22121,31.860163,משטרה - הרכשה
12571,LPR-HIK-JER-130-2,"מעבר קלנדיה, מכחול",LPR,חטמר בנימין,מעבר קלנדיה,35.22120542,31.8601649,משטרה - הרכשה
12484,LPR-HIK-JER-32-2,קלנדיה כ.45 למערב,LPR,חטמר בנימין,מעבר קלנדיה,35.224568,31.853262,משטרה - הרכשה
12476,LPR-HIK-JER-32-1,קלנדיה כ.45 מכחול,LPR,חטמר בנימין,מעבר קלנדיה,35.216183,31.860145,משטרה - הרכשה
12485,LPR-HIK-JER-28-2,קלנדיה כ.60 לדרום,LPR,חטמר בנימין,מעבר קלנדיה,35.224568,31.853262,משטרה - הרכשה
12475,LPR-HIK-JER-28-1,קלנדיה כ.60 מכחול,LPR,חטמר בנימין,מעבר קלנדיה,35.224568,31.853262,משטרה - הרכשה
11768,LPR-HIK-JER-6,מעבר שועפט מאדום,LPR,חטמר בנימין,מעבר שועפט,35.241687,31.809385,משטרה - הרכשה
11766,LPR-HIK-JER-4,מעבר שועפט מכחול צילום אחורי,LPR,חטמר בנימין,מעבר שועפט,35.2420857,31.808259,משטרה - הרכשה
11767,LPR-HIK-JER-5,מעבר שועפט מכחול צילום קדמי,LPR,חטמר בנימין,מעבר שועפט,35.241687,31.809385,משטרה - הרכשה
12002,75_81,מרקם חיים (5 מגה)(נתיקות),LPR,חטמר בנימין,מרקם חיים מצבח (חירבת אל מצבח),35.082734,31.886575,נתיקות - הרכשה
11458,0574_91,מ/ל לכיוון דרום (9 מגה)(נתיקות),LPR,חטמר בנימין,ע' נוף,35.22025,31.936858,נתיקות - הרכשה
11818,0639_91,נסיעה לכיוון גבעת אסף (9 מגה)(נתיקות),LPR,חטמר בנימין,עין תות,35.2378992,31.9184311,נתיקות - הרכשה
12264,79_91,הבאים מ\הנוסעים לכיוון המשטרה הבריטית (5 מגה)(נתיקות),LPR,חטמר בנימין,פילבוקס גפן,35.227826,31.989233,נתיקות - הרכשה
11459,79_92,ציר אומות מדרום (7 מגה)(נתיקות),LPR,חטמר בנימין,פילבוקס גפן,35.227826,31.989233,נתיקות - הרכשה
12433,431_81,לכיוון העלייה שני הנתיבים (5 מגה)(נתיקות),LPR,חטמר בנימין,צומת 142(187),35.339425,31.951266,נתיקות - הרכשה
12207,234_91,מדרום לצפון (9 מגה)(נתיקות),LPR,חטמר בנימין,צומת 142(187),35.339885,31.950886,נתיקות - הרכשה
12206,173_91,מצפון לדרום (9 מגה)(נתיקות),LPR,חטמר בנימין,צומת 142(187),35.338519,31.953029,נתיקות - הרכשה
11437,5119_81,כניסה ויציאה מסינג'יל (5 מגה)(נתיקות),LPR,חטמר בנימין,צומת 164 (סינג'יל),35.273613,32.025231,נתיקות - הרכשה
11438,5119_82,מגיעים מצפון לדרום (5 מגה)(נתיקות),LPR,חטמר בנימין,צומת 164 (סינג'יל),35.273613,32.025231,נתיקות - הרכשה
11439,70_91,ציר לטאה מדרום לצפון (7 מגה)(נתיקות),LPR,חטמר בנימין,צומת 164 (סינג'יל),35.27343,32.02467,נתיקות - הרכשה
11444,240_91,מכיוון ציר אופנוע לכיוון ציר לטאה (9 מגה)(נתיקות),LPR,חטמר בנימין,צומת 538 (203),35.269273,31.879195,נתיקות - הרכשה
11445,240_92,מכיוון ציר לטאה לכיוון ציר אופנוע (9 מגה)(נתיקות),LPR,חטמר בנימין,צומת 538 (203),35.269273,31.879195,נתיקות - הרכשה
11466,7111_91,הגעה מצפון לדרום (9 מגה)(נתיקות),LPR,חטמר בנימין,צומת 858 (152),35.349665,32.042729,נתיקות - הרכשה
11467,7111_92,ירידה מהגבעות (9 מגה)(נתיקות),LPR,חטמר בנימין,צומת 858 (152),35.349804,32.041819,נתיקות - הרכשה
11689,Site58NorthFront1,מגיעים לצומת מדרום (קדמי) 1 (נ.כ''ד),LPR,חטמר בנימין,צומת 858 (152),35.35058794,32.04023786,HTS - הרכשה
11690,Site58NorthFront2,מגיעים לצומת מדרום (קדמי) 2(נ.כ''ד),LPR,חטמר בנימין,צומת 858 (152),35.35058794,32.04023786,HTS - הרכשה
11695,Site58SouthFront1,מגיעים לצומת מצפון (קדמי) (נ.כ''ד),LPR,חטמר בנימין,צומת 858 (152),35.34952008,32.04236797,HTS - הרכשה
11694,Site58SouthFront2,מגיעים לצומת מצפון (קדמי)2(נ.כ''ד),LPR,חטמר בנימין,צומת 858 (152),35.34952008,32.04236797,HTS - הרכשה
11706,Site58SouthRear,נוסעים מהצומת דרומה (אחורי)(נ.כ''ד),LPR,חטמר בנימין,צומת 858 (152),35.34982069,32.04004467,HTS - הרכשה
11693,Site58NorthRear,נוסעים מהצומת צפונה (אחורי)(נ.כ''ד),LPR,חטמר בנימין,צומת 858 (152),35.35024594,32.04259801,HTS - הרכשה
9021,813_90,נסיעה לכיוון צפון (9 מגה)(נתיקות),LPR,חטמר בנימין,צומת 858 (152),35.350077,32.041683,נתיקות - הרכשה
8919,169_81,כניסה לאום צפא - ממזרח למערב (5 מגה)(נתיקות),LPR,חטמר בנימין,צומת אום צפא,35.171505,32.007575,נתיקות - הרכשה
8920,169_82,ציר מנדט ממערב למזרח (9 מגה)(נתיקות),LPR,חטמר בנימין,צומת אום צפא,35.171505,32.007575,נתיקות - הרכשה
9559,283_91,מדרום לצפון (7 מגה)(נתיקות),LPR,חטמר בנימין,צומת אלון ,35.35136,31.834513,נתיקות - הרכשה
8834,7171_91,כניסה לא-סויה (5 מגה)(נתיקות),LPR,חטמר בנימין,צומת א-סויה ,35.2648542,32.087406,נתיקות - הרכשה
8835,7171_92,ציר לטאה מדרום לצפון (5 מגה)(נתיקות),LPR,חטמר בנימין,צומת א-סויה ,35.2648524,32.087406,נתיקות - הרכשה
8886,7171_93,ציר לטאה מצפון לדרום (9 מגה)(נתיקות),LPR,חטמר בנימין,צומת א-סויה ,35.264872,32.087058,נתיקות - הרכשה
11460,1188_91,יציאה מביר זית (9 מגה)(נתיקות),LPR,חטמר בנימין,צומת ביר זית תחתון ,35.198466,31.982706,נתיקות - הרכשה
12527,1188_92,כניסה לביר זית (5 מגה) (נתיקות),LPR,חטמר בנימין,צומת ביר זית תחתון ,35.198466,31.982706,נתיקות - הרכשה
9328,97_81,לכיוון ביתין (5 מגה)(נתיקות),LPR,חטמר בנימין,צומת ביתין ,35.2277197,31.925127,נתיקות - הרכשה
9329,97_82,לכיוון רמאללה (9 מגה)(נתיקות),LPR,חטמר בנימין,צומת ביתין ,35.2277197,31.925127,נתיקות - הרכשה
12055,Site2-3591EastFront,ירידה מכיוון בית אל לצומת,LPR,חטמר בנימין,צומת גבעת אסף,35.24956539,31.91002762,HTS - הרכשה
12062,Site2-35161SouthRear,נתיב ימני לכיוון ירושלים (דרומית לצומת),LPR,חטמר בנימין,צומת גבעת אסף,35.25083425,31.9104651,HTS - הרכשה
12061,Site2-35152NorthFront,נתיב לבאים מכיוון ירושלים (דרומית לצומת),LPR,חטמר בנימין,צומת גבעת אסף,35.25117991,31.91076562,HTS - הרכשה
12058,Site2-35121NorthRear,נתיב לכיוון עפרה (צפונית לצומת),LPR,חטמר בנימין,צומת גבעת אסף,35.24985076,31.91262902,HTS - הרכשה
12121,Site2-35112NorthFront,נתיב מכיוון עפרה לכיוון ירושלים (צפונית לצומת),LPR,חטמר בנימין,צומת גבעת אסף,35.24930363,31.91230501,HTS - הרכשה
12122,Site2-35162SouthRear,נתיב שמאלי לכיוון ירושלים (דרומית לצומת),LPR,חטמר בנימין,צומת גבעת אסף,35.25083425,31.9104651,HTS - הרכשה
12057,Site2-35111WestRear,עלייה מהצומת לכיוון בית אל,LPR,חטמר בנימין,צומת גבעת אסף,35.24918888,31.91019663,HTS - הרכשה
12056,Site2-35111NorthFront,פנייה מכיוון עפרה לכיוון גבעת אסף (צפונית לצומת),LPR,חטמר בנימין,צומת גבעת אסף,35.24930363,31.91230501,HTS - הרכשה
12060,Site2-35151SouthFront,שול לבאים מכיוון ירושלים (דרומית לצומת),LPR,חטמר בנימין,צומת גבעת אסף,35.25117991,31.91076562,HTS - הרכשה
12059,Site2-35122NorthRear,שול לכיוון עפרה (צפונית לצומת),LPR,חטמר בנימין,צומת גבעת אסף,35.24985076,31.91262902,HTS - הרכשה
4199,Site45EastFront1,מגפן לכיוון צומת המשטרה הבריטית (מזרח)1,LPR,חטמר בנימין,צומת המשטרה הבריטית,35.24959794,31.99606903,HTS - הרכשה
4200,Site45EastFront2,מגפן לכיוון צומת המשטרה הבריטית (מזרח)2,LPR,חטמר בנימין,צומת המשטרה הבריטית,35.24954679,31.99607736,HTS - הרכשה
4201,Site45NorthRear,מדרום לצפון (צפונית לצומת),LPR,חטמר בנימין,צומת המשטרה הבריטית,35.25179419,31.99795357,HTS - הרכשה
4204,Site45WestRear1,מצומת המשטרה הבריטית לכיוון גפן (מערב)1,LPR,חטמר בנימין,צומת המשטרה הבריטית,35.24954798,31.99607855,HTS - הרכשה
4205,Site45WestRear2,מצומת המשטרה הבריטית לכיוון גפן (מערב)2,LPR,חטמר בנימין,צומת המשטרה הבריטית,35.2495456,31.99607617,HTS - הרכשה
4202,Site45SouthFront1,מצפון לדרום(צפונית לצומת)1,LPR,חטמר בנימין,צומת המשטרה הבריטית,35.25163,31.99798212,HTS - הרכשה
4203,Site45SouthFront2,מצפון לדרום(צפונית לצומת)2,LPR,חטמר בנימין,צומת המשטרה הבריטית,35.25161097,31.99798212,HTS - הרכשה
12351,102_81,נוסעים מדרום לכיוון צפון (9 מגה)(נתיקות),LPR,חטמר בנימין,צומת המשטרה הבריטית,35.25175,31.99823,נתיקות - הרכשה
12314,1023_91,נוסעים מצפון לכיוון דרום (9 מגה)(נתיקות),LPR,חטמר בנימין,צומת המשטרה הבריטית,35.25175,31.99823,נתיקות - הרכשה
11816,99_92,הבאים מכיוון חיזמא צפונה (9 מגה)(נתיקות),LPR,חטמר בנימין,צומת מישור אדומים,35.326709,31.805689,נתיקות - הרכשה
11815,99_93,הנוסעים ממישור אדומים לכיון צפון (9 מגה)(נתיקות),LPR,חטמר בנימין,צומת מישור אדומים,35.3268237,31.8057158,נתיקות - הרכשה
11817,99_91,הפונים ממישור אדומים לכיוון חיזמא (3 מגה)(נתיקות),LPR,חטמר בנימין,צומת מישור אדומים,35.3267093,31.8056489,נתיקות - הרכשה
11405,LPR-HIK-SHY-19-1,צ. מישור אדומים כ.437 למזרח מ-י,LPR,חטמר בנימין,צומת מישור אדומים,35.32453,31.806938,משטרה - הרכשה
11406,LPR-HIK-SHY-19-2,צ. מישור אדומים כ.437 למערב מ-י,LPR,חטמר בנימין,צומת מישור אדומים,35.32453,31.806938,משטרה - הרכשה
12203,4219_92,יוצאים ממעלה לבונה (9 מגה)(נתיקות),LPR,חטמר בנימין,צומת מעלה לבונה צפון,35.247281,32.064777,נתיקות - הרכשה
12202,1152_81,נוסעים למעלה לבונה (9 מגה)(נתיקות),LPR,חטמר בנימין,צומת מעלה לבונה צפון,35.247281,32.064777,נתיקות - הרכשה
11462,96_91,ציר גבוהים באים מדרום לצפון (5 מגה)(נתיקות),LPR,חטמר בנימין,צומת מעלה מכמש,35.3097,31.8791,נתיקות - הרכשה
11461,96_92,ציר גבוהים באים מצפון לדרום (5 מגה)(נתיקות),LPR,חטמר בנימין,צומת מעלה מכמש,35.3097,31.8791,נתיקות - הרכשה
11451,16_81,מרקם חיים (5 מגה)(נתיקות),LPR,חטמר בנימין,צומת סילוואד - גלעין,35.254804,31.967903,נתיקות - הרכשה
3967,Site68SouthRear2,כניסה לענתא,LPR,חטמר בנימין,צומת ענתא,35.27284885,31.82352956,HTS - הרכשה
3965,Site68SouthRear1,כניסה לענתא מכיוון מזרח (מישור אדומים)1,LPR,חטמר בנימין,צומת ענתא,35.27289644,31.82352004,HTS - הרכשה
3966,Site68SouthRear3,כניסה לענתא מכיוון מזרח (מישור אדומים)2,LPR,חטמר בנימין,צומת ענתא,35.27283933,31.823501,HTS - הרכשה
4898,Site68WestFront1,ממישור אדומים לכיוון חיזמא - נתיב ימני (ממשיך מערבה לחיזמא),LPR,חטמר בנימין,צומת ענתא,35.27288811,31.82351288,HTS - הרכשה
4899,Site68WestFront2,ממישור אדומים לכיוון חיזמא - נתיב שמאלי (פניה שמאלה לענתא),LPR,חטמר בנימין,צומת ענתא,35.27291666,31.82352715,HTS - הרכשה
3964,Site68EastRear,מענתא /חיזמא לכיוון מישור אדומים (מזרחה),LPR,חטמר בנימין,צומת ענתא,35.27339137,31.8234439,HTS - הרכשה
4124,Site67EastRear,כניסה ויציאה לעין יברוד,LPR,חטמר בנימין,צומת עפרה,35.25606651,31.9567187,HTS - הרכשה
4123,Site67EastFront,כניסה ויציאה מעין יברוד,LPR,חטמר בנימין,צומת עפרה,35.25606651,31.9567187,HTS - הרכשה
4127,Site67SouthRear1,לכיוון דרום (צפונית לעפרה)1,LPR,חטמר בנימין,צומת עפרה,35.25574766,31.95650454,HTS - הרכשה
4896,Site67SouthRear2,לכיוון דרום (צפונית לעפרה)2,LPR,חטמר בנימין,צומת עפרה,35.25570245,31.95650692,HTS - הרכשה
4897,Site67SouthRear3,לכיוון דרום (צפונית לעפרה)3,LPR,חטמר בנימין,צומת עפרה,35.25571197,31.95651168,HTS - הרכשה
4126,Site67NorthFront2,לכיוון צפון (צפונית לעופרה) ,LPR,חטמר בנימין,צומת עפרה,35.2559523,31.95629991,HTS - הרכשה
4125,Site67NorthFront1,פנייה מציר לטאה לעין יברוד,LPR,חטמר בנימין,צומת עפרה,35.25596657,31.95628563,HTS - הרכשה
11429,6242_82,לכיוון דרום (ירושלים) (5 מגה)(נתיקות),LPR,חטמר בנימין,צומת רימונים ,35.318154,31.926354,נתיקות - הרכשה
11430,6242_81,לכיוון מזרח (יריח)  (5 מגה)(נתיקות),LPR,חטמר בנימין,צומת רימונים ,35.318154,31.926354,נתיקות - הרכשה
11432,6242_83,לכיוון מערב (טייבה)  (5 מגה)(נתיקות),LPR,חטמר בנימין,צומת רימונים ,35.318154,31.926354,נתיקות - הרכשה
11431,6242_84,לכיוון צפון (כוכב השחר)  (5 מגה)(נתיקות),LPR,חטמר בנימין,צומת רימונים ,35.318154,31.926354,נתיקות - הרכשה
11470,2122_91,מצפון לדרום (9 מגה)(נתיקות),LPR,חטמר בנימין,צומת שילה,35.289289,32.047018,נתיקות - הרכשה
12648,Site59SouthFront1,ציר  לטאה (צפונית לצומת) לכיוון דרום1,LPR,חטמר בנימין,צומת שילה,35.28943816,32.04896004,HTS - הרכשה
12649,Site59SouthFront2,ציר לטאה (צפונית לצומת) לכיוון דרום2,LPR,חטמר בנימין,צומת שילה,35.28943816,32.04896004,HTS - הרכשה
12441,7210_92,כניסה לגוש שילה (9 מגה)(נתיקות),LPR,חטמר בנימין,צומת שילה -כיכר,35.2916064,32.0475861,נתיקות - הרכשה
12440,7210_91,מגיעים מכיוון שילה לציר 60 (9 מגה)(נתיקות),LPR,חטמר בנימין,צומת שילה -כיכר,35.2917385,32.0476887,נתיקות - הרכשה
9330,164_81,כניסה לציר אלכסה (5 מגה)(נתיקות),LPR,חטמר בנימין,ציר אלכסה (כאוס),35.220761,31.933587,נתיקות - הרכשה
13025,811_903,יוצאים מתורמוסעייא,LPR,חטמר בנימין,תורמוסעייא,35.2753104,32.03884194,NULL
13023,811_902,כביש 60 צומת תורמוסעייא - כל הנתיבים,LPR,חטמר בנימין,תורמוסעייא,35.275217,32.038812,NULL
12331,11_91,כניסה\יציאה מתורמסעיא (כחול חשאי),LPR,חטמר בנימין,תורמוסעייא,35.275574,32.038135,נתיקות - הרכשה
13024,811_904,נכנסים לתורמוסעייא,LPR,חטמר בנימין,תורמוסעייא,35.27522009,32.03880866,NULL
11900,9908_02,באים מייטב(נתיקות מועצה),LPR,חטמר הבקעה-417,60-90,35.469469,31.948276,נתיקות - הרכשה
11901,9908_03,הנוסעים דרומה על ציר 90/ פניה לכיוון ייטב(נתיקות מועצה),LPR,חטמר הבקעה-417,60-90,35.469469,31.948276,נתיקות - הרכשה
11899,9908_01,הנוסעים צפונה על ציר 90/ פניה לכיוון ייטב(נתיקות מועצה),LPR,חטמר הבקעה-417,60-90,35.469469,31.948276,נתיקות - הרכשה
12281,9904_03,הנוסעים דרומה על ציר 90.פניה לכיון חמרה (נתיקות מועצה),LPR,חטמר הבקעה-417,אדם,35.510502,32.126053,נתיקות - הרכשה
11809,181_91,יציאה מגשר אדם (מרכז הצומת) (9 מגה)(נתיקות),LPR,חטמר הבקעה-417,אדם,35.511188,32.1275134,נתיקות - הרכשה
11808,181_92,לנוסעים לכיוון דרום (9 מגה)(נתיקות),LPR,חטמר הבקעה-417,אדם,35.511188,32.1275134,נתיקות - הרכשה
12280,9904_02,מגיעים מחמרה (נתיקות מועצה),LPR,חטמר הבקעה-417,אדם,NULL,NULL,נתיקות - הרכשה
12279,9904_01,נוסעים צפונה על ציר 90/ פניה לכיוון חמרה (נתיקות מועצה),LPR,חטמר הבקעה-417,אדם,35.510502,32.126053,נתיקות - הרכשה
11721,LPR-HIK-SHY-29-1,צ. אדם כ. 57 למזרח,LPR,חטמר הבקעה-417,אדם,35.510212,32.126118,משטרה - הרכשה
11722,LPR-HIK-SHY-29-2,צ. אדם כ. 57 למערב,LPR,חטמר הבקעה-417,אדם,35.510212,32.126118,משטרה - הרכשה
11723,LPR-HIK-SHY-28,צ. אדם כ. 90 לדרום,LPR,חטמר הבקעה-417,אדם,35.510212,32.126118,משטרה - הרכשה
11724,LPR-HIK-SHY-24,צ. אדם כ. 90 לצפון,LPR,חטמר הבקעה-417,אדם,35.510835,32.12651,משטרה - הרכשה
12451,8222_92,באים מכיוון מערב מכיוון ירושלים (9 מגה)(נתיקות),LPR,חטמר הבקעה-417,בית הערבה,35.49027464,31.79927428,נתיקות - הרכשה
12450,8222_91,באים מכיוון צפון מכיוון מוסא עלמי (9 מגה)(נתיקות),LPR,חטמר הבקעה-417,בית הערבה,35.49027464,31.79927428,נתיקות - הרכשה
11894,9905_01,הוואי מזרח יציאה מהמחסום (נתיקות מועצה),LPR,חטמר הבקעה-417,בקעות,35.44906273,32.2063789,נתיקות - הרכשה
11893,9905_02,ירידה מכיוון בקעות לצומת (נתיקות מועצה),LPR,חטמר הבקעה-417,בקעות,35.449068,32.206381,נתיקות - הרכשה
11895,9905_03,מרכז הציר (לא ערכי) (נתיקות מועצה),LPR,חטמר הבקעה-417,בקעות,35.449068,32.206381,נתיקות - הרכשה
12582,9182_901,ציר לכיוון עאטוף (PTZ LPR)(נתיקות),LPR,חטמר הבקעה-417,בקעות,35.449561,32.246163,נתיקות - הרכשה
11811,182_91,נוסעים דרומה (9 מגה)(נתיקות),LPR,חטמר הבקעה-417,ברוש הבקעה,35.5435782,32.3176765,נתיקות - הרכשה
11810,186_91,נוסעים צפונה (9 מגה)(נתיקות),LPR,חטמר הבקעה-417,ברוש הבקעה,35.5440179,32.3182264,נתיקות - הרכשה
12814,LPR-HIK-SHY-36-2,"צ. ברוש הבקעה, כ. 90, לצפון",LPR,חטמר הבקעה-417,ברוש הבקעה,35.544221,32.318592,משטרה - הרכשה
12813,LPR-HIK-SHY-36-1,"צ. ברוש הבקעה, כ.90, לדרום",LPR,חטמר הבקעה-417,ברוש הבקעה,35.544221,32.318592,משטרה - הרכשה
12287,9903_02,מגיעים מצומת 50 (נתיקות מועצה),LPR,חטמר הבקעה-417,גיתית,35.380631,32.089731,נתיקות - הרכשה
12286,9903_03,נוסעים לדרום על ציר 90. פניה לצומת 50 (נתיקות מועצה),LPR,חטמר הבקעה-417,גיתית,35.380631,32.089731,נתיקות - הרכשה
12285,9903_01,נוסעים לצפון על ציר 90/פניה לצומת 50 (נתיקות מועצה),LPR,חטמר הבקעה-417,גיתית,35.380631,32.089731,נתיקות - הרכשה
11594,133_91,יציאה מיריחו (7 מגה)(נתיקות),LPR,חטמר הבקעה-417,ורד יריחו-238,35.443459,31.822558,נתיקות - הרכשה
12195,133_93,כניסה ליריחו (9 מגה)(נתיקות),LPR,חטמר הבקעה-417,ורד יריחו-238,35.443459,31.822558,נתיקות - הרכשה
12198,133_92,כניסה/יציאה ל/מיריחו (2 מגה)(נתיקות),LPR,חטמר הבקעה-417,ורד יריחו-238,35.443459,31.822558,נתיקות - הרכשה
12453,5146_92,ממזרח למערב (9 מגה)(נתיקות),LPR,חטמר הבקעה-417,חסם בקעות,35.44860715,32.20679353,נתיקות - הרכשה
12452,5146_91,ממערב למזרח (7 מגה)(נתיקות),LPR,חטמר הבקעה-417,חסם בקעות,35.448462,32.206744,נתיקות - הרכשה
9564,9159_81,יציאה מתייסר (9 מגה)(נתיקות),LPR,חטמר הבקעה-417,חסם תייסיר,35.434536,32.328992,נתיקות - הרכשה
9565,9159_82,כניסה לתייסר (9 מגה)(נתיקות),LPR,חטמר הבקעה-417,חסם תייסיר,35.434536,32.328992,נתיקות - הרכשה
12017,9909_02,יציאה ממבואות לכיוון ציר כפרי (נתיקות מועצה),LPR,חטמר הבקעה-417,מבואות יריחו,35.422943,31.908599,נתיקות - הרכשה
12018,9909_03,ציר כפרי לכיוון דרום/פניה לכיוון מבואות (נתיקות מועצה),LPR,חטמר הבקעה-417,מבואות יריחו,35.422943,31.908599,נתיקות - הרכשה
12016,9909_01,ציר כפרי לכיוון צפון/פניה לכיוון מבואות(נתיקות מועצה),LPR,חטמר הבקעה-417,מבואות יריחו,35.422943,31.908599,נתיקות - הרכשה
12292,9906_02,הבאים ממשכיות (נתיקות מועצה),LPR,חטמר הבקעה-417,מחולה,35.508154,32.370849,נתיקות - הרכשה
12291,9906_01,הנוסעים דרומה פניה לכיון משכיות (נתיקות מועצה),LPR,חטמר הבקעה-417,מחולה,35.508154,32.370849,נתיקות - הרכשה
12293,9906_03,הנוסעים צפונה פניה לכיון משכיות (נתיקות מועצה),LPR,חטמר הבקעה-417,מחולה,35.508154,32.370849,נתיקות - הרכשה
11800,LPR-HIK-ZFN-7,מעבר בקעה 90 מאדום,LPR,חטמר הבקעה-417,מעבר הבקעה,35.4948,32.40112,משטרה - הרכשה
11798,LPR-HIK-ZFN-3,מעבר הבקעה כ. 90 מכחול 1,LPR,חטמר הבקעה-417,מעבר הבקעה,35.495251,32.400056,משטרה - הרכשה
11799,LPR-HIK-ZFN-4,מעבר הבקעה כ. 90 מכחול 2,LPR,חטמר הבקעה-417,מעבר הבקעה,35.495251,32.400056,משטרה - הרכשה
11390,LPR-HIK-SHY-1,מעבר מצוקי דרגות 90 מאדום מ-י,LPR,חטמר הבקעה-417,מעבר מצוקי דרגות 90,35.40727,31.58117,משטרה - הרכשה
11393,LPR-HIK-SHY-2,מעבר מצוקי דרגות 90 מכחול מ-י,LPR,חטמר הבקעה-417,מעבר מצוקי דרגות 90,35.40727,31.58117,משטרה - הרכשה
11994,9911_04,הנוסעים מדרום לצפון/ פניה למפגש הבקעה (נתיקות מועצה),LPR,חטמר הבקעה-417,מפגש הבקעה,35.470212,32.054765,נתיקות - הרכשה
11991,9911_01,יציאה ממפגש הבקעה (נתיקות מועצה),LPR,חטמר הבקעה-417,מפגש הבקעה,35.470212,32.054765,נתיקות - הרכשה
11993,9911_03,כניסה למפגש הבקעה (נתיקות מועצה),LPR,חטמר הבקעה-417,מפגש הבקעה,35.470212,32.054765,נתיקות - הרכשה
11992,9911_02,צופה על שני הנתיבים צפונית לצומת (נתיקות מועצה),LPR,חטמר הבקעה-417,מפגש הבקעה,35.470212,32.054765,נתיקות - הרכשה
8885,56_90,מצפון לדרום (9 מגה)(נתיקות),LPR,חטמר הבקעה-417,מצוקי דרגות (חסם),35.17725086,32.21605214,נתיקות - הרכשה
11574,9171_81,ירידה ל\מכיוון מצוקי דרגות (3 מגה)(נתיקות),LPR,חטמר הבקעה-417,מצוקי דרגות (עלייה),35.4072,31.5804,נתיקות - הרכשה
12630,1100_91,לכיוון הציר לנבי מוסא (5 מגה) (נתיקות),LPR,חטמר הבקעה-417,נבי מוסא,35.427677,31.797966,נתיקות - הרכשה
12277,9901_02,כניסה לציר גישה לישוב(נתיקות מועצה),LPR,חטמר הבקעה-417,נעמה,NULL,NULL,נתיקות - הרכשה
12278,9901_03,נוסעים לצפון על כביש 90(נתיקות מועצה),LPR,חטמר הבקעה-417,נעמה,35.463069,31.908981,נתיקות - הרכשה
12276,9901_01,נסיעה לדרום על ציר 90(נתיקות מועצה),LPR,חטמר הבקעה-417,נעמה,35.463069,31.908981,נתיקות - הרכשה
12289,9902_02,מכיוון מעלה אפרים ל90 (נתיקות מועצה),LPR,חטמר הבקעה-417,פצאל,35.463069,31.908981,נתיקות - הרכשה
12288,9902_01,נסיעה לדרום על ציר 90 (נתיקות מועצה),LPR,חטמר הבקעה-417,פצאל,35.463069,31.908981,נתיקות - הרכשה
12290,9902_03,נסיעה לצפון על ציר 90 (נתיקות מועצה),LPR,חטמר הבקעה-417,פצאל,35.463069,31.908981,נתיקות - הרכשה
11728,LPR-HIK-SHY-22-2,צ. פצאל דרום כ. 90 לדרום,LPR,חטמר הבקעה-417,פצאל,35.463311,32.046753,משטרה - הרכשה
11727,LPR-HIK-SHY-22-1,צ. פצאל דרום כ. 90 לצפון,LPR,חטמר הבקעה-417,פצאל,35.463311,32.046753,משטרה - הרכשה
11834,LPR-HIK-SHY-30-1,צ. פצאל כ. 505 למזרח,LPR,חטמר הבקעה-417,פצאל,35.462968,32.048372,משטרה - הרכשה
11835,LPR-HIK-SHY-30-2,צ. פצאל כ. 505 למערב,LPR,חטמר הבקעה-417,פצאל,35.462968,32.048372,משטרה - הרכשה
11729,LPR-HIK-SHY-25,צ. פצאל צפון כ. 90 לדרום,LPR,חטמר הבקעה-417,פצאל,35.463757,32.048606,משטרה - הרכשה
11597,105_91,יציאה מיריחו (7 מגה)(נתיקות),LPR,חטמר הבקעה-417,צומת 748 (328),35.461493,31.895111,נתיקות - הרכשה
11596,189_81,כניסה ליריחו (5 מגה)(נתיקות),LPR,חטמר הבקעה-417,צומת 748 (328),35.461481,31.895099,נתיקות - הרכשה
11595,189_82,מדרום לצפון (5 מגה)(נתיקות),LPR,חטמר הבקעה-417,צומת 748 (328),35.461481,31.895099,נתיקות - הרכשה
12201,105_92,נוסעים מדרום לצפון (9 מגה)(נתיקות),LPR,חטמר הבקעה-417,צומת 748 (328),35.461493,31.895111,נתיקות - הרכשה
11391,LPR-HIK-SHY-18-1,צ. אלמוג כ.1 למזרח מ-י,LPR,חטמר הבקעה-417,צומת אלמוג כ.1,35.449333,31.801655,משטרה - הרכשה
11392,LPR-HIK-SHY-18-2,צ. אלמוג כ.1 למערב מ-י,LPR,חטמר הבקעה-417,צומת אלמוג כ.1,35.449333,31.801655,משטרה - הרכשה
11812,5136_91,הבאים מצפון (9 מגה)(נתיקות),LPR,חטמר הבקעה-417,צומת ארגמן,35.5270582,32.1629412,נתיקות - הרכשה
11813,5136_92,כביש עפר מ\לכיוון מזרח (5 מגה)(נתיקות),LPR,חטמר הבקעה-417,צומת ארגמן,35.5268978,32.162711,נתיקות - הרכשה
11804,LPR-HIK-SHY-20-2,צ. ארגמן כ. 90 לדרום,LPR,חטמר הבקעה-417,צומת ארגמן,35.525971,32.160589,משטרה - הרכשה
11803,LPR-HIK-SHY-20-1,צ. ארגמן כ. 90 לצפון,LPR,חטמר הבקעה-417,צומת ארגמן,35.525971,32.160589,משטרה - הרכשה
12436,LPR-HIK-SHY-21,"צ. ארגמן, כ. 90, שביל עפר לצפון, לדרום",LPR,חטמר הבקעה-417,צומת ארגמן,35.525971,32.160589,משטרה - הרכשה
12696,LPR-HIK-ZFN-155,"צ. אשדות יעקב, כ. 90, לדרום (מ""י)",LPR,חטמר הבקעה-417,צומת אשדות יעקב,35.576655,32.66505,משטרה - הרכשה
11582,112_81,עלייה מכיוון ים המלח (5 מגה)(נתיקות),LPR,חטמר הבקעה-417,צומת בית הערבה ,35.4913,31.7988,נתיקות - הרכשה
11600,250_91,כביש 90 לשני הכיוונים (9 מגה) (נתיקות),LPR,חטמר הבקעה-417,צומת הלידו ,35.50349968,31.77320449,נתיקות - הרכשה
11578,227_81,הבאים מכיוון מחולה (9 מגה)(נתיקות),LPR,חטמר הבקעה-417,צומת חדין צלצלן ,35.504709,32.325945,נתיקות - הרכשה
12020,9910_01,הבאים מכיוון תיסיר (נתיקות מועצה),LPR,חטמר הבקעה-417,צומת חדין צלצלן ,35.504576,32.325731,נתיקות - הרכשה
12021,9910_02,הבאים מכיון מחולה/ פניה לכיון תיסיר(נתיקות מועצה),LPR,חטמר הבקעה-417,צומת חדין צלצלן ,35.504576,32.325731,נתיקות - הרכשה
12022,9910_03,הבאים מכיון משכיות/ פניה לכיון תיסיר(נתיקות מועצה),LPR,חטמר הבקעה-417,צומת חדין צלצלן ,35.504576,32.325731,נתיקות - הרכשה
12283,9907_02,כניסה לציר גישה לישוב (נתיקות מועצה),LPR,חטמר הבקעה-417,צומת חמרה,35.45579978,32.19539959,נתיקות - הרכשה
12284,9907_03,נסיעה לדרום על ציר 57 (נתיקות מועצה),LPR,חטמר הבקעה-417,צומת חמרה,35.4558,32.1954,נתיקות - הרכשה
12282,9907_01,נסיעה לצפון על ציר 57 (נתיקות מועצה),LPR,חטמר הבקעה-417,צומת חמרה,35.4558,32.1954,נתיקות - הרכשה
12702,LPR-HIK-ZFN-152,"צ. כוכב הירדן, כ. 90, לדרום (מ""י)",LPR,חטמר הבקעה-417,צומת כוכב הירדן,35.544276,32.597044,משטרה - הרכשה
12701,LPR-HIK-ZFN-151,"צ. כוכב הירדן, כ. 90, לצפון (מ""י)",LPR,חטמר הבקעה-417,צומת כוכב הירדן,35.544415,32.598248,משטרה - הרכשה
11593,137_81,יציאה לציר שרונה(באים ממערב) (9 מגה)(נתיקות),LPR,חטמר הבקעה-417,צומת מוסא עלמי,35.5056,31.8673,נתיקות - הרכשה
11592,137_82,כניסה ליריחו(מזרח) (5 מגה)(נתיקות),LPR,חטמר הבקעה-417,צומת מוסא עלמי,35.5056,31.8674,נתיקות - הרכשה
12698,LPR-HIK-ZFN-154-2,"צ. מנחמיה דרום, כ. 90, לדרום (מ""י)",LPR,חטמר הבקעה-417,צומת מנחמיה דרום,NULL,NULL,משטרה - הרכשה
12697,LPR-HIK-ZFN-154-1,"צ. מנחמיה דרום, כ. 90, לצפון (מ""י)",LPR,חטמר הבקעה-417,צומת מנחמיה דרום,NULL,NULL,משטרה - הרכשה
12699,LPR-HIK-ZFN-153-1,"צ. מנחמיה צפון, כ. 90, לדרום (מ""י)",LPR,חטמר הבקעה-417,צומת מנחמיה צפון,35.569569,32.654016,משטרה - הרכשה
12700,LPR-HIK-ZFN-153-2,"צ. מנחמיה צפון, כ. 90, לצפון (מ""י)",LPR,חטמר הבקעה-417,צומת מנחמיה צפון,35.569569,32.654016,משטרה - הרכשה
12035,181_82,ציר בריה מדרום לצפון (5 מגה)(נתיקות),LPR,חטמר הבקעה-417,צומת מצפה יריחו ,35.389266,31.819366,נתיקות - הרכשה
9557,181_81,ציר גושי ליריחו (5 מגה)(נתיקות),LPR,חטמר הבקעה-417,צומת מצפה יריחו ,35.389266,31.819366,נתיקות - הרכשה
11588,154_81,לכיוון דרום (3 מגה)(נתיקות),LPR,חטמר הבקעה-417,צומת מצפה שלם ,35.4023,31.5582,נתיקות - הרכשה
11589,154_82,לכיוון צפון (3 מגה)(נתיקות),LPR,חטמר הבקעה-417,צומת מצפה שלם ,35.4023,31.5582,נתיקות - הרכשה
12584,61_901,יציאה ממשואה (5 מגה)(נתיקות),LPR,חטמר הבקעה-417,צומת משואה,35.495847,32.108114,נתיקות - הרכשה
12583,61_902,כניסה למשואה (5 מגה)(נתיקות),LPR,חטמר הבקעה-417,צומת משואה,35.495847,32.108114,נתיקות - הרכשה
12597,9913_01,לבאים מכיוון מזרח - חמדת (5 מגה) (נתיקות),LPR,חטמר הבקעה-417,צומת רועי,35.475104,32.251664,נתיקות - הרכשה
12598,9913_02,לבאים מכיוון מערב - בקעות (5 מגה) (נתיקות),LPR,חטמר הבקעה-417,צומת רועי,35.4750994,32.25166415,נתיקות - הרכשה
11580,4140_82,כניסה לאל-פציל(כביש עפר) (5 מגה)(נתיקות),LPR,חטמר הבקעה-417,צומת תומר ,35.445775,32.022748,נתיקות - הרכשה
11581,4140_81,כניסה לתומר (5 מגה)(נתיקות),LPR,חטמר הבקעה-417,צומת תומר ,35.446188,32.022748,נתיקות - הרכשה
12332,106_91,נתיב דרומי מבריחים כביש 90 (כחול חשאי - ציידים תפר),LPR,חטמר הבקעה-417,ק.ד 152,35.50375,31.965333,נתיקות - הרכשה
9035,263_81,כניסה לבית כאחיל ( PTZ LPR)(נתיקות),LPR,חטמר יהודה,גשר בית כאחיל ,35.09115934,31.55984715,נתיקות - הרכשה
11875,site34341SouthFront1,נוסעים על הגשר לכיוון דרום - נתיב,LPR,חטמר יהודה,גשר חלחול - פילבוקס 320,35.100564,31.562922,HTS - הרכשה
11874,site34342SouthFront2,נוסעים על הגשר לכיוון דרום - שול,LPR,חטמר יהודה,גשר חלחול - פילבוקס 320,35.10056621,31.56308221,HTS - הרכשה
11876,Site34343NorthRear1,נוסעים על הגשר לכיוון צפון - נתיב,LPR,חטמר יהודה,גשר חלחול - פילבוקס 320,35.10056484,31.56308429,HTS - הרכשה
11877,Site34344NorthRear2,נוסעים על הגשר לכיוון צפון - שול,LPR,חטמר יהודה,גשר חלחול - פילבוקס 320,35.10056484,31.56308429,HTS - הרכשה
11872,site34WestFront,ציר מחקר ממזרח למערב (קדמי),LPR,חטמר יהודה,גשר חלחול - פילבוקס 320,35.1006077,31.56287443,HTS - הרכשה
11873,site34EastRear,ציר מחקר ממערב למזרח (אחורי),LPR,חטמר יהודה,גשר חלחול - פילבוקס 320,35.100613,31.562836,HTS - הרכשה
11476,3167_92,הגעה ממזרח לכיוון תרקומיא (3 מגה)(נתיקות),LPR,חטמר יהודה,כיכר אידנא  ,34.9822,31.5723,נתיקות - הרכשה
9372,3167_93,הגעה ממערב לכיוון העוקפים (3 מגה)(נתיקות),LPR,חטמר יהודה,כיכר אידנא  ,31.5723,31.5723,נתיקות - הרכשה
9373,3167_94,יציאה מאידנא (9 מגה)(נתיקות),LPR,חטמר יהודה,כיכר אידנא  ,34.9822,31.5723,נתיקות - הרכשה
9370,3167_91,כניסה לאידנא (3 מגה)(נתיקות),LPR,חטמר יהודה,כיכר אידנא  ,34.9822,31.5723,נתיקות - הרכשה
11475,142_82,יציאה מתרקומיא (9 מגה)(נתיקות),LPR,חטמר יהודה,כיכר תרקומיא ,34.9818,31.5732,נתיקות - הרכשה
11474,142_81,כניסה לתרקומיא (3 מגה)(נתיקות),LPR,חטמר יהודה,כיכר תרקומיא ,34.9818,31.5732,נתיקות - הרכשה
9560,38_81,PTZ לכיוון ליסבורג (PTZ-LPR)(נתיקות),LPR,חטמר יהודה,מוצב חורסה ,35.02,31.4902,נתיקות - הרכשה
12367,38_83,אווירה על הכיכר (5 מגה)(נתיקות),LPR,חטמר יהודה,מוצב חורסה ,35.02,31.4902,נתיקות - הרכשה
9561,38_82,לכיוון נגוהות (5 מגה)(נתיקות),LPR,חטמר יהודה,מוצב חורסה ,35.02,31.4902,נתיקות - הרכשה
12458,LPR-HIK-SHY-33,"מעבר נגוהות, מאדום",LPR,חטמר יהודה,מעבר גורביץ' (נגוהות),34.942902,31.499584,משטרה - הרכשה
12457,LPR-HIK-SHY-32,"מעבר נגוהות, מכחול",LPR,חטמר יהודה,מעבר גורביץ' (נגוהות),34.942902,31.499584,משטרה - הרכשה
12615,LPR-HIK-DRM-6,מעבר מיתר 1 מאדום,LPR,חטמר יהודה,מעבר מיתר,34.933608,31.343694,משטרה - הרכשה
12613,LPR-HIK-DRM-156,"מעבר מיתר 60, מאדום 1+2",LPR,חטמר יהודה,מעבר מיתר,34.934131,31.345369,משטרה - הרכשה
12614,LPR-HIK-DRM-157,"מעבר מיתר 60, מאדום 3+4",LPR,חטמר יהודה,מעבר מיתר,NULL,NULL,משטרה - הרכשה
12612,LPR-HIK-DRM-58,"מעבר מיתר 60, מכחול",LPR,חטמר יהודה,מעבר מיתר,34.9336548,31.3438859,משטרה - הרכשה
11738,LPR-HIK-DRM-4,מעבר יתיר 316 מאדום 1,LPR,חטמר יהודה,מעבר מצודות יהודה,35.112829,31.372193,משטרה - הרכשה
11739,LPR-HIK-DRM-9,מעבר יתיר 316 מכחול 1,LPR,חטמר יהודה,מעבר מצודות יהודה,35.112829,31.372193,משטרה - הרכשה
12474,LPR-HIK-SHY-35,מעבר שני ליבנה מאדום,LPR,חטמר יהודה,מעבר שני ליבנה,35.05869,31.358204,משטרה - הרכשה
12473,LPR-HIK-SHY-34,מעבר שני ליבנה מכחול,LPR,חטמר יהודה,מעבר שני ליבנה,35.05868991,31.35820211,משטרה - הרכשה
12633,68_901,כניסה לכפר (5 מגה) (נתיקות),LPR,חטמר יהודה,מתג 7,35.150749,31.416641,נתיקות - הרכשה
12330,141_91,ציר עפר לכיוון כרמל (כחול חשאי),LPR,חטמר יהודה,מתג 7,35.150169,31.416729,נתיקות - הרכשה
12637,68_902,שני כיווני סיעה על הכביש (5 מגה) (נתיקות),LPR,חטמר יהודה,מתג 7,35.150749,31.416641,נתיקות - הרכשה
12190,525_91,נכנסים ויוצאים מקרית ארבע (3 מגה)(נתיקות),LPR,חטמר יהודה,עיקול היין,35.1322229,31.5193898,נתיקות - הרכשה
11500,111_92,יוצאים\נכנסים לבית עווא (3 מגה)(נתיקות),LPR,חטמר יהודה,פילבוקס 410,34.961619,31.498796,נתיקות - הרכשה
11851,111_93,יציאה מחוקר (9 מגה)(נתיקות),LPR,חטמר יהודה,פילבוקס 410,34.961619,31.498796,נתיקות - הרכשה
11499,111_91,נוסעים לכיוון נגוהות (3 מגה)(נתיקות),LPR,חטמר יהודה,פילבוקס 410,34.961619,31.498796,נתיקות - הרכשה
12369,1112_91,אווירה כיכר אידנא (2 מגה)(נתיקות),LPR,חטמר יהודה,פילבוקס אידנא-תרקומיא (109),34.982,31.5729,נתיקות - הרכשה
11479,1112_92,נוסעים בכיכר מתרקומיא (7 מגה)(נתיקות),LPR,חטמר יהודה,פילבוקס אידנא-תרקומיא (109),34.982,31.5729,נתיקות - הרכשה
12624,212_91,ציר זמיר לשני הכיוונים (5 מגה)(נתיקות),LPR,חטמר יהודה,פילבוקס עיט,35.061945,31.369937,נתיקות - הרכשה
9335,65_90,כניסה לרמאדין (9 מגה)(נתיקות),LPR,חטמר יהודה,צומת 19 ,34.942919,31.359152,נתיקות - הרכשה
11491,6233_81,לכיוון טנא עומרים (5 מגה)(נתיקות),LPR,חטמר יהודה,צומת 19 ,34.942919,31.359152,נתיקות - הרכשה
11490,6233_82,לכיוון מעבר מיתר (5 מגה)(נתיקות),LPR,חטמר יהודה,צומת 19 ,34.942919,31.359152,נתיקות - הרכשה
11510,1157_91,יוצאים מחברון (7 מגה)(נתיקות),LPR,חטמר יהודה,צומת 200 (חברון דרום),35.07694,31.49516,נתיקות - הרכשה
12031,1157_92,נכנסים לחברון (5 מגה)(נתיקות),LPR,חטמר יהודה,צומת 200 (חברון דרום),35.07694,31.49516,נתיקות - הרכשה
11504,1183_82,יציאה לכיוון 60 (5 מגה)(נתיקות),LPR,חטמר יהודה,צומת אדוריים ,35.047954,31.481308,נתיקות - הרכשה
11503,1183_81,כניסה ויציאה מכיוון חוקר (9 מגה)(נתיקות),LPR,חטמר יהודה,צומת אדוריים ,35.047954,31.481308,נתיקות - הרכשה
11700,1160_92,יוצאים\נכנסים לאל היג'רה (9 מגה- בלי זיהוי פנים)(נתיקות),LPR,חטמר יהודה,צומת אל פוואר ,35.055488,31.485781,נתיקות - הרכשה
11505,245_92,יציאה לאל פוואר (5 מגה)(נתיקות),LPR,חטמר יהודה,צומת אל פוואר ,35.0558,31.486,נתיקות - הרכשה
12126,245_93,כניסה לאל פוואר (5 מגה)(נתיקות),LPR,חטמר יהודה,צומת אל פוואר ,35.0558,31.486,נתיקות - הרכשה
11509,1160_91,נסיעה על 60 הגעה ממערב(עותניאל) (9 מגה)(נתיקות),LPR,חטמר יהודה,צומת אל פוואר ,35.0558,31.486,נתיקות - הרכשה
11506,245_91,נסיעה על 60 מכיוון מזרח(קלקס) (9 מגה)(נתיקות),LPR,חטמר יהודה,צומת אל פוואר ,35.0558,31.486,נתיקות - הרכשה
3968,Site20WestFront,יציאה מקרית ארבע,LPR,חטמר יהודה,צומת אליאס,35.13214656,31.54174546,HTS - הרכשה
3969,Site20WestRear,כניסה לקרית ארבע,LPR,חטמר יהודה,צומת אליאס,35.13268908,31.54183588,HTS - הרכשה
3971,Site20NorthRear2,ציר 60 מדרום לצפון,LPR,חטמר יהודה,צומת אליאס,35.13307931,31.54172166,HTS - הרכשה
3970,Site20NorthRear1,ציר 60 מדרום לצפון (יוצאים מהקריה),LPR,חטמר יהודה,צומת אליאס,35.13306027,31.54172642,HTS - הרכשה
3972,Site20NorthFront,ציר 60 מצפון לדרום,LPR,חטמר יהודה,צומת אליאס,35.13281757,31.54144088,HTS - הרכשה
11489,129_92,נוסעים בכיכר - מגיעים מדרום (9 מגה)(נתיקות),LPR,חטמר יהודה,צומת בית חגי מזרח,35.133017,31.504973,נתיקות - הרכשה
12003,0114_81,נוסעים על ציר זמיר - שני הכיוונים (5 מגה)(נתיקות),LPR,חטמר יהודה,צומת בית חגי מזרח,35.133075,31.50468,נתיקות - הרכשה
11488,0114_82,ציר 60 הגעה ממערב(חטיבה) (3 מגה)(נתיקות),LPR,חטמר יהודה,צומת בית חגי מזרח,35.133075,31.50468,נתיקות - הרכשה
11487,129_91,ציר 60 לכיוון אליאס (5 מגה)(נתיקות),LPR,חטמר יהודה,צומת בית חגי מזרח,35.133017,31.504973,נתיקות - הרכשה
12229,171_92,אווירה על העמדות (5 מגה)(נתיקות),LPR,חטמר יהודה,צומת בית ענון ,35.126744,31.560702,נתיקות - הרכשה
11483,7188_92,כניסה ויציאה מחברון (9 מגה)(נתיקות),LPR,חטמר יהודה,צומת בית ענון ,35.126745,31.560693,נתיקות - הרכשה
11484,7188_91,כניסה ויציאה מסעיר (9 מגה)(נתיקות),LPR,חטמר יהודה,צומת בית ענון ,35.126485,31.560809,נתיקות - הרכשה
12228,171_93,כניסה לסעיר (5 מגה)(נתיקות),LPR,חטמר יהודה,צומת בית ענון ,35.126744,31.560702,נתיקות - הרכשה
11482,171_91,נוסעים בכיכר מגיעים מצפון (7 מגה)(נתיקות),LPR,חטמר יהודה,צומת בית ענון ,35.1268,31.5607,נתיקות - הרכשה
12543,7189_82,נכנסים לכיכר מכיוון אליאס (9 מגה)(נתיקות),LPR,חטמר יהודה,צומת בית ענון ,NULL,NULL,נתיקות - הרכשה
11485,7189_91,נכנסים לכיכר מכיוון אליאס (ptz)(נתיקות),LPR,חטמר יהודה,צומת בית ענון ,35.126646,31.561078,נתיקות - הרכשה
11486,7189_81,צפונה לכיוון העוקפים (3 מגה)(נתיקות),LPR,חטמר יהודה,צומת בית ענון ,35.126646,31.561078,נתיקות - הרכשה
11492,41_82,יציאה מבני נעים (5 מגה)(נתיקות),LPR,חטמר יהודה,צומת בני נעים,35.134648,31.516888,נתיקות - הרכשה
11493,41_81,כניסה לבני נעים (5 מגה)(נתיקות),LPR,חטמר יהודה,צומת בני נעים,35.134648,31.516888,נתיקות - הרכשה
12429,214_91,יציאה מדהרייה (9 מגה)(נתיקות),LPR,חטמר יהודה,צומת דהרייה,35.020449,31.444304,נתיקות - הרכשה
11512,219_91,כניסה לדהרייה (9 מגה)(נתיקות),LPR,חטמר יהודה,צומת דהרייה,35.0201,31.4444,נתיקות - הרכשה
11956,Site91NorthFront2,ציר יפהפיה מדרום לצפון - נתיב,LPR,חטמר יהודה,צומת דהרייה,35.021007,31.44376,HTS - הרכשה
11955,Site91NorthFront1,ציר יפהפיה מדרום לצפון - שול,LPR,חטמר יהודה,צומת דהרייה,35.021016,31.443765,HTS - הרכשה
11960,Site91SouthRear2,ציר יפהפיה מצפון לדרום - נתיב,LPR,חטמר יהודה,צומת דהרייה,35.020683,31.443765,HTS - הרכשה
11959,Site91SouthRear1,ציר יפהפיה מצפון לדרום - שול,LPR,חטמר יהודה,צומת דהרייה,35.020669,31.443784,HTS - הרכשה
11961,Site91EastFront2,ציר יציאה מדהרייה - נתיב,LPR,חטמר יהודה,צומת דהרייה,35.020459,31.444289,HTS - הרכשה
11954,Site91EastFront1,ציר יציאה מדהרייה - שול,LPR,חטמר יהודה,צומת דהרייה,35.020452,31.444289,HTS - הרכשה
11957,Site91WestRear1,ציר כניסה לדהרייה - נתיב,LPR,חטמר יהודה,צומת דהרייה,35.020488,31.444493,HTS - הרכשה
11958,Site91WestRear2,ציר כניסה לדהרייה - שול,LPR,חטמר יהודה,צומת דהרייה,35.020478,31.444498,HTS - הרכשה
9028,458_82,יוצאים מחברון (9 מגה)(נתיקות),LPR,חטמר יהודה,צומת הזית ,35.103563,31.562508,נתיקות - הרכשה
9027,458_81,נכנסים לחברון (5 מגה)(נתיקות),LPR,חטמר יהודה,צומת הזית ,35.103563,31.562508,נתיקות - הרכשה
12646,139_91,הבאים לצומת העוקפים (9 מגה) (נתיקות),LPR,חטמר יהודה,צומת הזית (מזרח),35.105923,31.563278,נתיקות - הרכשה
11494,48_93,יוצאים מחברון (5 מגה)(נתיקות),LPR,חטמר יהודה,צומת הכבשים,35.11831,31.5007,נתיקות - הרכשה
12230,237_91,יוצאים/נכנסים לואדי סימן (PTZ-LPR)(נתיקות),LPR,חטמר יהודה,צומת הכבשים,35.118461,31.500197,נתיקות - הרכשה
12635,59_901,יציאה מחברון (9 מגה) (נתיקות),LPR,חטמר יהודה,צומת הכבשים,35.118074,31.500523,נתיקות - הרכשה
11495,48_92,נכנסים לחברון (5 מגה)(נתיקות),LPR,חטמר יהודה,צומת הכבשים,35.11831,31.5003,נתיקות - הרכשה
11496,48_91,ציר 60 הגעה ממערב(חטיבה) (7 מגה)(נתיקות),LPR,חטמר יהודה,צומת הכבשים,35.1183,31.5003,נתיקות - הרכשה
12626,175_91,נוסעים ממזרח למערב (9 מגה) (נתיקות),LPR,חטמר יהודה,צומת העוקפים - פילבוקס 310,35.117771,31.564427,נתיקות - הרכשה
11929,Site310141NorthRear,ציר יפיפיה מדרום לצפון (צפונית לצומת),LPR,חטמר יהודה,צומת העוקפים - פילבוקס 310,35.11919826,31.56581624,HTS - הרכשה
11928,Site310131SouthFront,ציר יפיפיה מצפון לדרום (צפונית לצומת),LPR,חטמר יהודה,צומת העוקפים - פילבוקס 310,35.11919826,31.56581624,HTS - הרכשה
11925,Site310111WestRear,ציר מחקר ממזרח למערב,LPR,חטמר יהודה,צומת העוקפים - פילבוקס 310,35.118374,31.56453,HTS - הרכשה
11926,Site310121EastFront,ציר מחקר ממערב למזרח,LPR,חטמר יהודה,צומת העוקפים - פילבוקס 310,35.11837912,31.56453099,HTS - הרכשה
11927,Site310122EastFront,ציר מחקר פנייה דרומה,LPR,חטמר יהודה,צומת העוקפים - פילבוקס 310,35.11837912,31.56453099,HTS - הרכשה
9348,074_92,יוצאים\נכנסים ליטא (PTZ)(נתיקות),LPR,חטמר יהודה,צומת זיף ,35.133454,31.4705,נתיקות - הרכשה
9347,074_91,נוסעים על זמיר הגעה מצפון (9 מגה)(נתיקות),LPR,חטמר יהודה,צומת זיף ,35.133454,31.4705,נתיקות - הרכשה
11513,074_93,נוסעים על זמיר שני הכיוונים (5 מגה)(נתיקות),LPR,חטמר יהודה,צומת זיף ,35.133454,31.4705,נתיקות - הרכשה
9375,73_91,יוצאים מחברון (9 מגה)(נתיקות),LPR,חטמר יהודה,צומת יהודה ,35.0784,31.5607,נתיקות - הרכשה
9374,73_92,נכנסים לחברון (5 מגה)(נתיקות),LPR,חטמר יהודה,צומת יהודה ,35.0784,31.5607,נתיקות - הרכשה
11734,LPR-HIK-DRM-16,מעבר תרקומיא 35 מאדום נתיב 1,LPR,חטמר יהודה,צומת יהודה מערב,34.96233,31.592039,משטרה - הרכשה
11735,LPR-HIK-DRM-5,מעבר תרקומיא 35 מכחול,LPR,חטמר יהודה,צומת יהודה מערב,34.96233,31.592039,משטרה - הרכשה
11497,198_91,ציר 35 הגעה מתרקומיא (9 מגה)(נתיקות),LPR,חטמר יהודה,צומת יהודה מערב,35.078953,31.56074,נתיקות - הרכשה
11498,198_92,ציר 35 נסיעה לתרקומיא (5 מגה)(נתיקות),LPR,חטמר יהודה,צומת יהודה מערב,35.076853,31.56074,נתיקות - הרכשה
12200,5147_91,יוצאים\נכנסים לאום דארג' (3 מגה)(נתיקות),LPR,חטמר יהודה,צומת כרמל,35.182691,31.434254,נתיקות - הרכשה
12199,5147_92,ציר זמיר מגיעים מדרום (9 מגה)(נתיקות),LPR,חטמר יהודה,צומת כרמל,35.182691,31.434254,נתיקות - הרכשה
12634,992_902,ציר 60 (5 מגה) (נתיקות),LPR,חטמר יהודה,צומת מיתרים,35.004,31.378,נתיקות - הרכשה
12636,992_901,ציר זמיר (5 מגה) (נתיקות),LPR,חטמר יהודה,צומת מיתרים,35.004,31.377,נתיקות - הרכשה
11825,1224_91,הנוסעים מצפון לדרום (9 מגה)(נתיקות),LPR,חטמר יהודה,צומת מעון,35.164313,31.418416,נתיקות - הרכשה
11924,Site92EastRear1,יציאה מסמוע,LPR,חטמר יהודה,צומת סמוע,35.03450992,31.41554966,HTS - הרכשה
11923,Site92WestFront1,כניסה לסמוע,LPR,חטמר יהודה,צומת סמוע,35.03450992,31.41554966,HTS - הרכשה
11931,Site92NorthRear1,ציר יפהפיה מדרום לצפון - נתיב,LPR,חטמר יהודה,צומת סמוע,35.03344952,31.41807406,HTS - הרכשה
11932,Site92NorthRear2,ציר יפהפיה מדרום לצפון - שול,LPR,חטמר יהודה,צומת סמוע,35.03344952,31.41807406,HTS - הרכשה
11921,Site92SouthFront1,ציר יפהפיה מצפון לדרום - נתיב,LPR,חטמר יהודה,צומת סמוע,35.03288232,31.41811012,HTS - הרכשה
11922,Site92SouthFront2,ציר יפהפיה מצפון לדרום - שול,LPR,חטמר יהודה,צומת סמוע,35.03288232,31.41811012,HTS - הרכשה
12238,144_92,יוצאים\נכנסים לעבדה (9 מגה)(נתיקות),LPR,חטמר יהודה,צומת עבדה (חרבת כרמה),35.03026745,31.46317945,נתיקות - הרכשה
12239,144_91,ציר 60 לשני הכיוונים (3 מגה)(נתיקות),LPR,חטמר יהודה,צומת עבדה (חרבת כרמה),35.03025791,31.4632247,נתיקות - הרכשה
12627,9101_91,נכנסים ויוצאים לציר ענטוז (9 מגה) (נתיקות),LPR,חטמר יהודה,צומת ענטוז,35.12149,31.394098,נתיקות - הרכשה
11981,246_94,יוצאים מפני חבר (3 מגה)(נתיקות),LPR,חטמר יהודה,צומת פני חבר,35.143299,31.490355,נתיקות - הרכשה
11982,246_93,נוסעים על זמיר הגעה מדרום (3 מגה)(נתיקות),LPR,חטמר יהודה,צומת פני חבר,35.142842,31.490461,נתיקות - הרכשה
11983,246_91,נוסעים על זמיר הגעה מצפון (9 מגה)(נתיקות),LPR,חטמר יהודה,צומת פני חבר,35.142664,31.490412,נתיקות - הרכשה
11980,246_92,נכנסים לפני חבר (3 מגה)(נתיקות),LPR,חטמר יהודה,צומת פני חבר,35.143299,31.490355,נתיקות - הרכשה
11979,24_91,יוצאים\נכנסים לקילקס (3 מגה)(נתיקות),LPR,חטמר יהודה,קילקס דרום,35.095513,31.497313,נתיקות - הרכשה
11978,24_92,נוסעים על 60 הגעה ממערב (9 מגה)(נתיקות),LPR,חטמר יהודה,קילקס דרום,35.095634,31.497428,נתיקות - הרכשה
11977,18_91,יוצאים\נכנסים לחברון (3 מגה)(נתיקות),LPR,חטמר יהודה,קילקס צפון,35.095284,31.497717,נתיקות - הרכשה
11976,18_92,נוסעים על 60 מגיעים ממזרח(חטיבה) (9 מגה)(נתיקות),LPR,חטמר יהודה,קילקס צפון,35.095284,31.497717,נתיקות - הרכשה
12308,4225_91,כניסה ויציאה מבני נעים(כניסה צפונית) (3 מגה)(נתיקות),LPR,חטמר יהודה,קריית ארבע דרום (בני נעים),35.131493,31.531843,נתיקות - הרכשה
11408,LPR-HIK-SHY-4,ק. ארבע יציאה לכ. 60 מ.י,LPR,חטמר יהודה,קרית ארבע,35.13175,31.5421,משטרה - הרכשה
11407,LPR-HIK-SHY-3,ק. ארבע כניסה מכ. 60 מ.י,LPR,חטמר יהודה,קרית ארבע,35.131668,31.542215,משטרה - הרכשה
8923,182_90,מהבאקות לכיוון צומת 0 (7 מגה)(נתיקות),LPR,חטמר מנשה,בולם חרמש,35.1206,32.4275,נתיקות - הרכשה
11986,8155_81,ממזרח למערב לציר (כחול חשאי),LPR,חטמר מנשה,בחן,35.027682,32.347782,נתיקות - הרכשה
11718,228_81,מרקם חיים חירבת אל עבד - זבדה (5 מגה)(נתיקות),LPR,חטמר מנשה,גשר אוקינוס,35.11745,32.4456,נתיקות - הרכשה
11719,228_82,ציר נסיעה מחסום ריחן - צומת 0 (5 מגה)(נתיקות),LPR,חטמר מנשה,גשר אוקינוס,35.11745,32.4456,נתיקות - הרכשה
12463,255_81,לכיוון הגשר (3 מגה)(נתיקות),LPR,חטמר מנשה,חווה 8 ,35.0402427,32.2816059,נתיקות - הרכשה
9337,255_82,מ-לכיוון פארון (9 מגה)(נתיקות),LPR,חטמר מנשה,חווה 8 ,35.0402427,32.2816059,נתיקות - הרכשה
11802,LPR-HIK-ZFN-13,מעבר גלבוע 60 מאדום,LPR,חטמר מנשה,מעבר גלבוע,35.309654,32.512128,משטרה - הרכשה
11801,LPR-HIK-ZFN-1,מעבר גלבוע כ. 60 מכחול,LPR,חטמר מנשה,מעבר גלבוע,35.30888,32.51139,משטרה - הרכשה
12564,LPR-HIK-MKZ-1,"מעבר ניצני עוז, מכחול",LPR,חטמר מנשה,מעבר ניצני עוז,35.01521,32.311688,משטרה - הרכשה
12325,108_91,עלייה לפילבוקס (כחול חשאי),LPR,חטמר מנשה,מעבר ניצני עוז,35.015406,32.311753,נתיקות - הרכשה
11856,229_93,הבאים מכיוון מעבר ריחן (3 מגה)(נתיקות),LPR,חטמר מנשה,מעבר ריחן,35.118632,32.45253,נתיקות - הרכשה
11857,229_92,הנוסעים לכיוון מעבר ריחן (3 מגה)(נתיקות),LPR,חטמר מנשה,מעבר ריחן,35.118632,32.45253,נתיקות - הרכשה
11741,LPR-HIK-HOF-8,מעבר ריחן 596 מאדום,LPR,חטמר מנשה,מעבר ריחן,35.11727,32.45087,משטרה - הרכשה
11740,LPR-HIK-HOF-1,מעבר ריחן 596 מכחול,LPR,חטמר מנשה,מעבר ריחן,35.11727,32.45087,משטרה - הרכשה
12632,LPR-HIK-HOF-100,"מעבר ריחן 596, מאדום נתיב 2",LPR,חטמר מנשה,מעבר ריחן,NULL,NULL,משטרה - הרכשה
11858,229_91,צופה צפונה (מ\לכיוון ריחן)(3 מגה)(נתיקות),LPR,חטמר מנשה,מעבר ריחן,35.119051,32.453325,נתיקות - הרכשה
11791,LPR-HIK-MKZ-41,מעבר תאנים 407 מאדום,LPR,חטמר מנשה,מעבר תאנים,35.03873,32.2802,משטרה - הרכשה
11792,LPR-HIK-MKZ-42,מעבר תאנים 407 מכחול 1,LPR,חטמר מנשה,מעבר תאנים,35.03873,32.2802,משטרה - הרכשה
11793,LPR-HIK-MKZ-6,מעבר תאנים 407 מכחול 2,LPR,חטמר מנשה,מעבר תאנים,35.03873,32.2802,משטרה - הרכשה
12334,2166_92,כניסה ויציאה מספארין (5 מגה) (נתיקות),LPR,חטמר מנשה,ספארין,35.10339,32.26799,נתיקות - הרכשה
12335,2166_91,לכיוון עינב (שני כיווני הנסיעה) (5 מגה)(נתיקות),LPR,חטמר מנשה,ספארין,35.10339,32.26799,נתיקות - הרכשה
12028,170_83,מזרח - אתונה (5 מגה)(נתיקות),LPR,חטמר מנשה,פילבוקס 180,35.152985,32.434065,נתיקות - הרכשה
11539,170_81,צפון - אוקיינוס (5 מגה)(נתיקות),LPR,חטמר מנשה,פילבוקס 180,35.152985,32.434065,נתיקות - הרכשה
12039,168_83,מזרח לכיוון יעבד (5 מגה)(נתיקות),LPR,חטמר מנשה,פילבוקס 185,35.165503,32.434413,נתיקות - הרכשה
11544,168_82,מערב מכיוון ריחן (5 מגה)(נתיקות),LPR,חטמר מנשה,פילבוקס 185,35.165503,32.434413,נתיקות - הרכשה
11546,134_91,לכיוון כניסה ליעבד (7 מגה)(נתיקות),LPR,חטמר מנשה,פילבוקס 190,35.180392,32.432627,נתיקות - הרכשה
12490,134_94,לכיון יציאה מיעבד (9 מגה)(נתיקות),LPR,חטמר מנשה,פילבוקס 190,35.180392,32.432627,נתיקות - הרכשה
11531,5669_91,הבאים מכיוון חרמש(3 מגה)(נתיקות),LPR,חטמר מנשה,צ. 0 - מזרח-מערב (144),35.1437113,32.4315401,נתיקות - הרכשה
11534,5669_93,הבאים מצפון (מרכז הצומת) (9 מגה)(נתיקות),LPR,חטמר מנשה,צ. 0 - מזרח-מערב (144),35.143711,32.43154,נתיקות - הרכשה
11532,5669_92,הנוסעים לכיוון חרמש(3 מגה)(נתיקות) ,LPR,חטמר מנשה,צ. 0 - מזרח-מערב (144),35.143711,32.43154,נתיקות - הרכשה
11533,182_81,הנוסעים מ\לכיוון מעבר ריחן(3 מגה)(נתיקות),LPR,חטמר מנשה,צ. 0 - צפון-דרום (144),35.1429602,32.432869,נתיקות - הרכשה
11936,47_92,יציאה מטול כרם (9 מגה)(נתיקות),LPR,חטמר מנשה,צ. 143  197,35.135656,32.290747,נתיקות - הרכשה
12037,47_91,כניסה לטול כרם (7 מגה)(נתיקות),LPR,חטמר מנשה,צ. 143  197,35.135656,32.290747,נתיקות - הרכשה
11433,Site18111EastFront,ציר דרמה - נתיב לכיוון מזרח,LPR,חטמר מנשה,צ. 143  197,35.135383,32.288884,HTS - הרכשה
11434,Site18112WestRear,ציר דרמה - נתיב לכיוון מערב,LPR,חטמר מנשה,צ. 143  197,35.135415,32.288919,HTS - הרכשה
11502,Site18122NorthFront,ציר מצילתיים דרומית לצומת 143 - נתיב לכיוון צפון,LPR,חטמר מנשה,צ. 143  197,35.135946,32.28725,HTS - הרכשה
11501,Site18121SouthRear,ציר מצליתיים דרומית לצומת 143 - נתיב לכיוון דרום,LPR,חטמר מנשה,צ. 143  197,35.135946,32.287539,HTS - הרכשה
11542,188_81,כניסה ויציאה מכיוון מחסום תאנים(5 מגה) (נתיקות),LPR,חטמר מנשה,צ. אבני חפץ ,35.067409,32.2774,נתיקות - הרכשה
12004,6185_92,מגיעים מכיוון מזרח לכיכר (9 מגה)(נתיקות),LPR,חטמר מנשה,צ. אבני חפץ ,35.067434,32.277367,נתיקות - הרכשה
11537,8103_91,יציאה מטול כרם (9 מגה)(נתיקות),LPR,חטמר מנשה,צ. האורות,35.066773,32.28033,נתיקות - הרכשה
11538,8103_92,כניסה לטול כרם (7 מגה)(נתיקות),LPR,חטמר מנשה,צ. האורות,35.066773,32.28033,נתיקות - הרכשה
12041,936_92,לכיוון דרום (צומת אבני חפץ)(5 מגה)(נתיקות),LPR,חטמר מנשה,צ. האורות,35.066837,32.28032,נתיקות - הרכשה
12044,936_91,לכיוון מזרח (אבני חפץ)(5 מגה)(נתיקות),LPR,חטמר מנשה,צ. האורות,35.066837,32.28032,נתיקות - הרכשה
12234,936_94,נכנסים ויוצאים מטול כרם (שער הצהוב)(PTZ-LPR)(נתיקות),LPR,חטמר מנשה,צ. האורות,35.0668,32.2803,נתיקות - הרכשה
12676,Blue_3,Blue_3,LPR,חטמר מנשה,צומת 8,NULL,NULL,נתיקות - הרכשה
12326,117_91,לכיון הצומת (מערב) (כחול חשאי),LPR,חטמר מנשה,צומת 8,35.188247,32.434455,נתיקות - הרכשה
11868,1128_91,הבאים מ\לכיוון ריחן (3 מגה)(נתיקות),LPR,חטמר מנשה,צומת אום ריחן,35.147907,32.479973,נתיקות - הרכשה
11869,1128_93,הבאים מכיוון אום ריחן (9 מגה)(נתיקות),LPR,חטמר מנשה,צומת אום ריחן,35.147908,32.480069,נתיקות - הרכשה
11867,1128_92,הבאים מכיוון שקד (3 מגה)(נתיקות),LPR,חטמר מנשה,צומת אום ריחן,35.147908,32.480069,נתיקות - הרכשה
12316,207_92,כניסה ויציאה מבית ליד (5 מגה) (נתיקות),LPR,חטמר מנשה,צומת בית ליד,35.14909,32.27385,נתיקות - הרכשה
12315,207_91,ציר 60 לנוסעים משבש לעינב (5 מגה) (נתיקות),LPR,חטמר מנשה,צומת בית ליד,35.14909,32.27385,נתיקות - הרכשה
11613,8226_92,כניסה ויציאה מהכפר (5 מגה)(נתיקות),LPR,חטמר מנשה,צומת ראמין,35.147197,32.279403,נתיקות - הרכשה
11612,8226_91,לכיוון דרום שני הנתיבים (5 מגה)(נתיקות),LPR,חטמר מנשה,צומת ראמין,35.147197,32.279403,נתיקות - הרכשה
11908,148_92,הבאים מאפרת לכיוון צומת הגוש (9 מגה)(נתיקות),LPR,חטמר עציון,אפרת דרום,35.142033,31.651754,נתיקות - הרכשה
11907,148_91,הבאים מכיוון ירושלים + הפונים לכיוון אפרת (3 מגה)(נתיקות),LPR,חטמר עציון,אפרת דרום,35.142033,31.651754,נתיקות - הרכשה
11909,148_93,הבאים מכיוון ירושלים לצומת הגוש (9 מגה)(נתיקות),LPR,חטמר עציון,אפרת דרום,35.142033,31.651754,נתיקות - הרכשה
11910,161_91,הנוסעים מכיוון צומת הגוש צפונה (3 מגה)(נתיקות),LPR,חטמר עציון,אפרת דרום,35.141773,31.651222,נתיקות - הרכשה
11913,89_91,הפונים מכיוון מזרח(אפרת) צפונה(ירושלים) (3 מגה)(נתיקות),LPR,חטמר עציון,אפרת דרום,35.142611,31.651473,נתיקות - הרכשה
11911,161_92,הפונים מכיוון צומת הגוש מזרחה(אפרת) (9 מגה)(נתיקות),LPR,חטמר עציון,אפרת דרום,35.142069,31.651386,נתיקות - הרכשה
11565,54_81,לבאים ממזרח - צומת הT - (5 מגה)(נתיקות),LPR,חטמר עציון,אפרת הואלי,35.14753,31.648035,נתיקות - הרכשה
11564,54_82,לבאים ממערב - אפרת דרום (9 מגה)(נתיקות),LPR,חטמר עציון,אפרת הואלי,35.147142,31.648087,נתיקות - הרכשה
12135,110_91,לכיוון הצומת שבמרקם חיים (5 מגה)(נתיקות),LPR,חטמר עציון,בית סאחור,35.244778,31.6939031,נתיקות - הרכשה
11824,110_92,מרקם חיים בית סאחור (5 מגה)(נתיקות),LPR,חטמר עציון,בית סאחור,35.2447644,31.6941546,נתיקות - הרכשה
12380,238_92,יציאת רכב שער - A (7 מגה)(נתיקות),LPR,חטמר עציון,"בית""ר עלית",35.126297,31.704902,נתיקות - הרכשה
12379,238_91,יציאת רכב שער-A (7 מגה)(נתיקות),LPR,חטמר עציון,"בית""ר עלית",35.126297,31.704902,נתיקות - הרכשה
11862,950_91,כניסה ויציאה מ/לציר ביאלר מכיוון זעתרה - בית תעמר (3 מגה)(נתיקות),LPR,חטמר עציון,גשר זעתרה ,35.245156,31.675269,נתיקות - הרכשה
11863,950_92,מרקם חיים בית תעמר - זעתרה (3 מגה)(נתיקות),LPR,חטמר עציון,גשר זעתרה ,35.245156,31.675269,נתיקות - הרכשה
12208,1116_91,לכיוון נחלין שני הנתיבים (5 מגה)(נתיקות),LPR,חטמר עציון,גשר חוסאן,35.132972,31.704259,נתיקות - הרכשה
12710,991_901,2 הכיוונים על הגשר,LPR,חטמר עציון,גשר ליברמן,35.24959,31.67772,נתיקות - הרכשה
11772,LPR-HIK-JER-68,י-ם מעבר הלה 367 מאדום 1,LPR,חטמר עציון,י-ם מעבר הלה ,35.05324,31.67078,משטרה - הרכשה
11773,LPR-HIK-JER-69,י-ם מעבר הלה 367 מאדום נתיב 2,LPR,חטמר עציון,י-ם מעבר הלה ,35.05324,31.67078,משטרה - הרכשה
11743,LPR-HIK-JER-104,י-ם מעבר הלה 367 מכחול נתיב 1,LPR,חטמר עציון,י-ם מעבר הלה ,35.05324,31.67078,משטרה - הרכשה
11744,LPR-HIK-JER-105,י-ם מעבר הלה 367 מכחול נתיב 2,LPR,חטמר עציון,י-ם מעבר הלה ,35.05324,31.67078,משטרה - הרכשה
12641,1012_901,מדרום לצפון (9 מגה) (נתיקות),LPR,חטמר עציון,כיכר הרודיון,35.23772,31.66885,נתיקות - הרכשה
11568,107_91,מצפון לדרום (9 מגה) (נתיקות),LPR,חטמר עציון,כיכר הרודיון,35.2375,31.669,נתיקות - הרכשה
4579,Site102181EastRear,היורדים מציר ביאלר לציר אסואין - אחורי,LPR,חטמר עציון,ליברמן,35.24878774,31.70341555,HTS - הרכשה
4580,Site102191WestRear,העולים מציר אסואין לציר ביאלר - אחורי,LPR,חטמר עציון,ליברמן,35.2487925,31.70362733,HTS - הרכשה
4572,Site101081SouthWestRear,יציאה מהכיכר דרומה לכיוון תקוע - אחורי,LPR,חטמר עציון,ליברמן,35.23773514,31.66889671,HTS - הרכשה
4571,Site101071SouthRear,יציאה מהכיכר לכיוון המוצב - שדה בר / הורדיון,LPR,חטמר עציון,ליברמן,35.23793502,31.66867304,HTS - הרכשה
4570,Site101061NorthRear,יציאה מהכיכר צפונה (הנוסעים לכיוון ירושלים) - אחורי,LPR,חטמר עציון,ליברמן,35.23730922,31.66844224,HTS - הרכשה
4574,Site101101NorthRear,כניסה ויציאה מהכיכר ל/מכיוון בית תעמר,LPR,חטמר עציון,ליברמן,35.23788029,31.66917035,HTS - הרכשה
4573,Site101091WestRear,כניסה ויציאה מהכיכר ל/מכיוון מערב - רפידא פורידס,LPR,חטמר עציון,ליברמן,35.23748292,31.66906566,HTS - הרכשה
4576,Site101111SouthWestFront,כניסה לכיכר מכיוון צפון (ירושלים) - קדמי,LPR,חטמר עציון,ליברמן,35.23797785,31.66911562,HTS - הרכשה
4575,Site101121EastRear,נסיעה לכיוון צפון (ירושלים) 2,LPR,חטמר עציון,ליברמן,35.23805161,31.66898951,HTS - הרכשה
4569,LibBerehEastRear,נסיעה מזרחה לכיוון נוקדים - אחורי,LPR,חטמר עציון,ליברמן,35.23425042,31.6643103,HTS - הרכשה
4578,Site102B2WestRear,ציר אסואין- תנועה ממזרח למערב,LPR,חטמר עציון,ליברמן,35.24822381,31.70414367,HTS - הרכשה
4577,Site102B1EastRear,ציר אסואין- תנועה ממערב למזרח,LPR,חטמר עציון,ליברמן,35.24834516,31.70426502,HTS - הרכשה
4582,Site102202NorthRear,ציר ביאלר- נתיב תנועה מדרום לצפון ,LPR,חטמר עציון,ליברמן,35.24851886,31.70364398,HTS - הרכשה
4581,Site102201NorthRear,ציר ביאלר- נתיב תנועה מדרום לצפון נתיב ימני - שוליים,LPR,חטמר עציון,ליברמן,35.24853552,31.70364398,HTS - הרכשה
4584,Site102212SouthRear,ציר ביאלר- נתיב תנועה מצפון לדרום נתיב ימני,LPR,חטמר עציון,ליברמן,35.24824522,31.70401518,HTS - הרכשה
4583,Site102211SouthRear,ציר ביאלר- נתיב תנועה מצפון לדרום נתיב שמאלי,LPR,חטמר עציון,ליברמן,35.24827377,31.703989,HTS - הרכשה
11552,346_81,כניסה ויציאה בית פאגר (9 מגה)(נתיקות),LPR,חטמר עציון,מגדל עוז שער אחורי,35.1394999,31.638238,נתיקות - הרכשה
11554,91_92,יציאה מבית ג'אלא (5 מגה)(נתיקות),LPR,חטמר עציון,מוצב פנורמה,35.177219,31.71605,נתיקות - הרכשה
11553,91_91,לכיוון בית ג'אלה (7 מגה) (נתיקות),LPR,חטמר עציון,מוצב פנורמה,35.177219,31.71605,נתיקות - הרכשה
11463,4_90,כל הנתיבים לבאים מצפון (7 מגה)(נתיקות),LPR,חטמר עציון,מחסום הקיוסק,35.2891,31.7422,נתיקות - הרכשה
12599,20_91,מדרום לצפון (9 מגה)(נתיקות),LPR,חטמר עציון,מחסום הקיוסק,35.289373,31.742037,נתיקות - הרכשה
12600,20_92,מצפון לדרום (9 מגה)(נתיקות),LPR,חטמר עציון,מחסום הקיוסק,35.289373,31.742037,נתיקות - הרכשה
11426,Site17171NorthFront,ציר אסואין מדרום לצפון,LPR,חטמר עציון,מחסום הקיוסק,35.286484,31.741957,HTS - הרכשה
11425,Site17122SouthRear2,ציר אסואין מצפון לדרום - נתיב ימני,LPR,חטמר עציון,מחסום הקיוסק,35.289419,31.741892,HTS - הרכשה
11424,Site17122SouthRear1,ציר אסואין מצפון לדרום - נתיב שמאלי,LPR,חטמר עציון,מחסום הקיוסק,35.289377,31.741892,HTS - הרכשה
11776,LPR-HIK-JER-77,מעבר ביתר 375 מאדום צילום אחורי,LPR,חטמר עציון,מעבר ביתר כ.375,35.1227,31.7134,משטרה - הרכשה
11769,LPR-HIK-JER-51,מעבר ביתר 375 מכחול צילום אחורי,LPR,חטמר עציון,מעבר ביתר כ.375,35.111099,31.718702,משטרה - הרכשה
11749,LPR-HIK-JER-122,מעבר ביתר כ. 375 מאדום צילום קדמי,LPR,חטמר עציון,מעבר ביתר כ.375,35.119916,31.716628,משטרה - הרכשה
11748,LPR-HIK-JER-121,מעבר ביתר כ. 375 מכחול צילום קדמי,LPR,חטמר עציון,מעבר ביתר כ.375,35.119739,31.716478,משטרה - הרכשה
12472,LPR-HIK-JER-83-1,"י-ם מעבר הל""ה 367 מכחול",LPR,חטמר עציון,"מעבר הל""ה - נוה מיכאל",35.0062,31.6753,משטרה - הרכשה
12486,LPR-HIK-JER-83-2,"י-ם, מעבר הל""ה 367, יציאה",LPR,חטמר עציון,"מעבר הל""ה - נוה מיכאל",NULL,NULL,משטרה - הרכשה
11746,LPR-HIK-JER-114,מעבר המנהרות 60 מכחול 1,LPR,חטמר עציון,מעבר המנהרות,35.169831,31.70624,משטרה - הרכשה
12301,LPR-HIK-JER-3,מעבר המנהרות 60 מכחול צילום אחורי,LPR,חטמר עציון,מעבר המנהרות,35.191073,31.72583,משטרה - הרכשה
12603,LPR-HIK-JER-173,"מעבר המנהרות, מכחול, 2",LPR,חטמר עציון,מעבר המנהרות,35.1698304,31.70623731,משטרה - הרכשה
11777,LPR-HIK-JER-9,מעבר מזמוריה 398 מאדום,LPR,חטמר עציון,מעבר מזמורה,35.247637,31.712889,משטרה - הרכשה
11750,LPR-HIK-JER-123,מעבר מזמוריה 398 מאדום צילום קדמי,LPR,חטמר עציון,מעבר מזמורה,35.246901,31.714872,משטרה - הרכשה
11745,LPR-HIK-JER-11,מעבר מזמוריה 398 מכחול,LPR,חטמר עציון,מעבר מזמורה,35.232735,31.723975,משטרה - הרכשה
11751,LPR-HIK-JER-124,מעבר מזמוריה 398 מכחול צילום קדמי,LPR,חטמר עציון,מעבר מזמורה,35.246901,31.714872,משטרה - הרכשה
11763,LPR-HIK-JER-27,מעבר עין יעל 385 מכחול 1,LPR,חטמר עציון,מעבר עין יעל,35.17641,31.743485,משטרה - הרכשה
11759,LPR-HIK-JER-131,מעבר עין יעל 385 מכחול 2,LPR,חטמר עציון,מעבר עין יעל,35.170835,31.742552,משטרה - הרכשה
12611,LPR-HIK-JER-138,דרך חברון לצפון,LPR,חטמר עציון,מעבר רחל,35.205139,31.728214,משטרה - הרכשה
11747,LPR-HIK-JER-12,מעבר רחל מאדום,LPR,חטמר עציון,מעבר רחל,35.2049727,31.7239177,משטרה - הרכשה
11762,LPR-HIK-JER-22,מעבר רחל מכחול,LPR,חטמר עציון,מעבר רחל,35.2049727,31.7239177,משטרה - הרכשה
11855,5127_91,יציאה ממעלה אדומים (7 מגה)(נתיקות),LPR,חטמר עציון,מעלה אדומים - 7 מגה,35.291194,31.768001,נתיקות - הרכשה
12036,5127_93,כניסה למעלה אדומים (5 מגה)(נתיקות),LPR,חטמר עציון,מעלה אדומים - 7 מגה,35.291194,31.768001,נתיקות - הרכשה
12358,261_901,מגיעים מכיוון בית אומר\אל ערוב (5 מגה)(נתיקות),LPR,חטמר עציון,עוקף בית אומר,35.1297,31.62362,נתיקות - הרכשה
12359,261_902,נוסעים לכיוון בית אומר\אל ערוב (5 מגה)(נתיקות),LPR,חטמר עציון,עוקף בית אומר,35.1297,31.62362,נתיקות - הרכשה
12629,136_94,הבאים מהכיכר (5 מגה)(נתיקות),LPR,חטמר עציון,עזריה - כיכר מעלה אדומים ,35.289894,31.767723,נתיקות - הרכשה
12628,136_93,הבאים מקידר(5 מגה)(נתיקות),LPR,חטמר עציון,עזריה - כיכר מעלה אדומים ,35.289894,31.767723,נתיקות - הרכשה
9009,136_92,יציאה מעזריה (9 מגה)(נתיקות),LPR,חטמר עציון,עזריה - כיכר מעלה אדומים ,35.289894,31.767723,נתיקות - הרכשה
8912,136_91,כניסה לעזריה (5 מגה)(נתיקות),LPR,חטמר עציון,עזריה - כיכר מעלה אדומים ,35.289894,31.767723,נתיקות - הרכשה
12131,2103_94,נוסעים מדרום לצפון (3 מגה)(נתיקות),LPR,חטמר עציון,פילבוקס 100 חלחול מזרח,35.120425,31.585438,נתיקות - הרכשה
12130,2103_91,נוסעים מצפון לדרום (3 מגה)(נתיקות),LPR,חטמר עציון,פילבוקס 100 חלחול מזרח,35.120425,31.585438,נתיקות - הרכשה
12132,2103_93,נכנסים ויוצאים מחלחול (3 מגה)(נתיקות),LPR,חטמר עציון,פילבוקס 100 חלחול מזרח,35.120117,31.585479,נתיקות - הרכשה
12133,2103_92,נכנסים ויוצאים מסעיר (3 מגה)(נתיקות),LPR,חטמר עציון,פילבוקס 100 חלחול מזרח,35.120117,31.585479,נתיקות - הרכשה
12566,211_92,ציר 60 (בית לחם) - שני הנתיבים (5 מגה)(נתיקות),LPR,חטמר עציון,פילבוקס 30 - קבר רחל,35.202068,31.718383,נתיקות - הרכשה
11989,Site12SouthRear,"ציר יפיפיה, דרומית לפילבוקס: נתיב דרומה",LPR,חטמר עציון,פילבוקס 80 אל ערוב,35.132638,31.625823,HTS - הרכשה
11988,Site12SouthFront,"ציר יפיפיה, דרומית לפילבוקס: נתיב צפונה",LPR,חטמר עציון,פילבוקס 80 אל ערוב,35.132652,31.625807,HTS - הרכשה
11990,Site12NorthFront,"ציר יפיפיה, צפונית לפילבוקס: נתיב דרומה",LPR,חטמר עציון,פילבוקס 80 אל ערוב,35.13265,31.625811,HTS - הרכשה
11987,Site12NorthRear,"ציר יפיפיה, צפונית לפילבוקס: נתיב צפונה",LPR,חטמר עציון,פילבוקס 80 אל ערוב,35.132646,31.625819,HTS - הרכשה
12343,3124_901,כניסה ויציאה לבית לחם (5 מגה) (נתיקות),LPR,חטמר עציון,צ. אל חאדר,35.157642,31.704742,נתיקות - הרכשה
12488,25_91,"לכיוון בית""ר (5 מגה)(נתיקות)",LPR,חטמר עציון,צ. אל חאדר,35.155511,31.705935,נתיקות - הרכשה
12489,25_92,לכיוון חוסאן (5 מגה)(נתיקות),LPR,חטמר עציון,צ. אל חאדר,35.155511,31.705935,נתיקות - הרכשה
12340,30_901,נוסעים לירושלים (5 מגה) (נתיקות),LPR,חטמר עציון,צ. אל חאדר,35.157733,31.704161,נתיקות - הרכשה
11556,1168_81,כניסה לציר טורף לכיוון צוריף (5 מגה)(נתיקות),LPR,חטמר עציון,צומת 100 - ג'בעה,35.0742,31.6693,נתיקות - הרכשה
11557,1168_82,עוברים ושבים על ציר זרופז (5 מגה)(נתיקות),LPR,חטמר עציון,צומת 100 - ג'בעה,35.0742,31.6693,נתיקות - הרכשה
11558,31_81,הבאים לסעיר (9 מגה)(נתיקות),LPR,חטמר עציון,צומת 105 - מיצד,35.1801421,31.598347,נתיקות - הרכשה
11559,31_82,מרכז הצומת (5 מגה)(נתיקות),LPR,חטמר עציון,צומת 105 - מיצד,35.180512,31.598471,נתיקות - הרכשה
12669,0113_902,כניסה ויציאה מחוסאן (9 מגה)(נתיקות),LPR,חטמר עציון,צומת 32 חוסאן,35.125997,31.706388,נתיקות - הרכשה
11971,Site15SouthFront1,יציאה מבית לחם נתיב ימני,LPR,חטמר עציון,צומת 330 אפרת צפון,35.159695,31.685743,HTS - הרכשה
11972,Site15SouthFront2,יציאה מבית לחם נתיב שמאלי,LPR,חטמר עציון,צומת 330 אפרת צפון,35.159695,31.685743,HTS - הרכשה
11970,Site15NorthRear1,כניסה לבית לחם,LPR,חטמר עציון,צומת 330 אפרת צפון,35.159819,31.685534,HTS - הרכשה
12362,661_901,נוסעים לכיוון בית לחם/אל חאדר (9 מגה)(נתיקות),LPR,חטמר עציון,צומת 330 אפרת צפון,35.15813,31.68419,נתיקות - הרכשה
12361,86_901,נוסעים לכיוון נווה דניאל/צומת הגוש (9 מגה)(נתיקות),LPR,חטמר עציון,צומת 330 אפרת צפון,35.15813,31.68419,נתיקות - הרכשה
12442,201_93,יציאה מבית לחם (3 מגה)(נתיקות),LPR,חטמר עציון,צומת בית לחם-330,35.15971613,31.68576269,נתיקות - הרכשה
12444,201_91,יציאה מכיוון אפרת צפון לציר 60 (3 מגה)(נתיקות),LPR,חטמר עציון,צומת בית לחם-330,35.15971613,31.68576269,נתיקות - הרכשה
12443,201_92,כניסה לבית לחם (3 מגה)(נתיקות),LPR,חטמר עציון,צומת בית לחם-330,35.15971613,31.68576269,נתיקות - הרכשה
11548,159_93,הבאים מכיכר היישובים (5 מגה)(נתיקות),LPR,חטמר עציון,צומת גבעות ,35.106345,31.675219,נתיקות - הרכשה
11549,159_91,ירידה מהגוש/יציאה מנחלין (7 מגה)(נתיקות),LPR,חטמר עציון,צומת גבעות ,35.1063,31.6752,נתיקות - הרכשה
11547,159_92,נסיעה מ/למחסום (9 מגה)(נתיקות),LPR,חטמר עציון,צומת גבעות ,35.106345,31.675219,נתיקות - הרכשה
12840,Site8SoutFront,דר לצ לדרום נתיב ימני,LPR,חטמר עציון,צומת הגוש,35.1315479,31.64318788,HTS - הרכשה
12848,Site8SoutFront2,דר לצ לדרום נתיב שמאלי,LPR,חטמר עציון,צומת הגוש,35.1314241,31.643721,HTS - הרכשה
12846,Site8NorthRear3,דר לצ לצפון נתיב ימני,LPR,חטמר עציון,צומת הגוש,35.131611,31.643249,HTS - הרכשה
12852,Site8NorthRear5,דר לצ לצפון נתיב שמאלי,LPR,חטמר עציון,צומת הגוש,35.13161258,31.64324994,HTS - הרכשה
12847,Site8NorthRear4,דר לצ לצפון עלייה לעוקף,LPR,חטמר עציון,צומת הגוש,35.13161258,31.64324994,HTS - הרכשה
12881,Site8SouthEastFront1,הנכנסים לכיכר יעיל מכיוון מערב,LPR,חטמר עציון,צומת הגוש,35.133268,31.645393,HTS - הרכשה
12874,Site8SouthFront3,יציאה מהעוקף לכיכר יעיל,LPR,חטמר עציון,צומת הגוש,35.133572,31.645702,HTS - הרכשה
12839,Site8NorthRear2,יציאה מרמי לוי נתיב ימני,LPR,חטמר עציון,צומת הגוש,35.13071766,31.64653896,HTS - הרכשה
12838,Site8NorthRear1,יציאה מרמי לוי נתיב שמאלי,LPR,חטמר עציון,צומת הגוש,35.1307137,31.646535,HTS - הרכשה
11569,146_90,מכיוון חברון לצומת הגוש (7 מגה) (נתיקות),LPR,חטמר עציון,צומת הגוש,35.131545,31.644087,נתיקות - הרכשה
12875,Site8SouthWestFront,מכיכר יעיל מערבה,LPR,חטמר עציון,צומת הגוש,35.132723,31.645998,HTS - הרכשה
12873,Site8EastFront2,מע לצ למזרח נתיב ימני,LPR,חטמר עציון,צומת הגוש,35.131405,31.646429,HTS - הרכשה
12872,Site8EastFront,מע לצ למזרח נתיב שמאלי,LPR,חטמר עציון,צומת הגוש,35.131405,31.646429,HTS - הרכשה
12876,Site8WestFront,מע לצ למערב נתיב שמאלי,LPR,חטמר עציון,צומת הגוש,35.131123,31.646754,HTS - הרכשה
12880,Site8EastFront1,עוקף צומת הגוש צפ לכיכר יעיל,LPR,חטמר עציון,צומת הגוש,35.133268,31.645393,HTS - הרכשה
12878,Site8-8173,פנייה מצ הגוש לרמי לוי,LPR,חטמר עציון,צומת הגוש,35.130705,31.646898,HTS - הרכשה
11562,233_91,יציאה חלחול צפון (5 מגה)(נתיקות),LPR,חטמר עציון,צומת חלחול צפון ,35.10992,31.599876,נתיקות - הרכשה
11561,233_92,כניסה חלחול צפון (5 מגה)(נתיקות),LPR,חטמר עציון,צומת חלחול צפון ,35.110009,31.600037,נתיקות - הרכשה
11563,58_81,לנוסעים לכיוון צומת הגוש (7 מגה)(נתיקות),LPR,חטמר עציון,צומת חלחול צפון ,35.109319,31.599065,נתיקות - הרכשה
12253,7112_92,הגעה לכיכר מגוש עציון (9 מגה)(נתיקות),LPR,חטמר עציון,צומת כיכר הישובים,35.116459,31.654854,נתיקות - הרכשה
12252,7112_91,הגעה לכיכר מצומת הגוש (9 מגה)(נתיקות),LPR,חטמר עציון,צומת כיכר הישובים,35.116222,31.65517,נתיקות - הרכשה
12254,9229_91,הגעה ציר לבת עין (9 מגה)(נתיקות),LPR,חטמר עציון,צומת כיכר הישובים,35.115611,31.654964,נתיקות - הרכשה
4754,Site9WestRear1,מזרחית לצומת נתיב נסיעה ממזרח למערב,LPR,חטמר עציון,צומת כיכר הישובים,35.11716428,31.65516009,HTS - הרכשה
4747,Site9EastFront1,מזרחית לצומת נתיב נסיעה ממערב למזרח לכיוון צומת הגוש1,LPR,חטמר עציון,צומת כיכר הישובים,35.11733085,31.65505777,HTS - הרכשה
4748,Site9EastFront2,מזרחית לצומת נתיב נסיעה ממערב למזרח לכיוון צומת הגוש2,LPR,חטמר עציון,צומת כיכר הישובים,35.11732133,31.65504825,HTS - הרכשה
4755,Site9WestRear2,מערבית לצומת נתיב נסיעה ממזרח למערב (אחורי),LPR,חטמר עציון,צומת כיכר הישובים,35.11543204,31.65483172,HTS - הרכשה
4749,Site9EastFront3,מערבית לצומת נתיב נסיעה ממערב למזרח (קדמי),LPR,חטמר עציון,צומת כיכר הישובים,35.1154249,31.6548222,HTS - הרכשה
4750,Site9NorthRear1,צפונית לצומת נתיב נסיעה מדרום לצפון לציר במיג1,LPR,חטמר עציון,צומת כיכר הישובים,35.11632433,31.65582633,HTS - הרכשה
4751,Site9NorthRear2,צפונית לצומת נתיב נסיעה מדרום לצפון לציר במיג2,LPR,חטמר עציון,צומת כיכר הישובים,35.11632671,31.65582158,HTS - הרכשה
4752,Site9SouthFront1,צפונית לצומת נתיב נסיעה מצפון לדרום1,LPR,חטמר עציון,צומת כיכר הישובים,35.11615777,31.65571688,HTS - הרכשה
4753,Site9SouthFront2,"צפונית לצומת, נתיב נסיעה מצפון לדרום2",LPR,חטמר עציון,צומת כיכר הישובים,35.11612446,31.65569784,HTS - הרכשה
9336,66_90,לבאים מצפון (9 מגה)(נתיקות),LPR,חטמר עציון,צומת כרמי צור ,35.111014,31.602473,נתיקות - הרכשה
9566,0141_90,מדרום לצפון - דרומית לצומת (9 מגה)(נתיקות),LPR,חטמר עציון,צומת עמוס - T,35.20242,31.639918,נתיקות - הרכשה
11570,235_90,מצפון לדרום - צפונית לצומת (7 מגה)(נתיקות),LPR,חטמר עציון,צומת עמוס - T,35.202277,31.640408,נתיקות - הרכשה
4198,Site13SouthRear,ציר ביאלר מדרום לצומת. נתיב לכיוון דרום,LPR,חטמר עציון,צומת עמוס - T,35.20250603,31.63928551,HTS - הרכשה
4191,Site13NorthFront1,ציר ביאלר מדרום לצומת. נתיב לכיוון צפון,LPR,חטמר עציון,צומת עמוס - T,35.20252031,31.63929503,HTS - הרכשה
4192,Site13NorthFront2,ציר ביאלר מדרום לצומת. נתיב מרכזי (צפון\דרום),LPR,חטמר עציון,צומת עמוס - T,35.20248224,31.63929979,HTS - הרכשה
4193,Site13SouthFront1,ציר ביאלר מצפון לצומת. נתיב לפנייה מצפון לכיוון אפרת,LPR,חטמר עציון,צומת עמוס - T,35.20225976,31.6404574,HTS - הרכשה
4196,Site13NorthRear1,ציר ביאלר מצפון לצומת. נתיב מדרום לצפון1,LPR,חטמר עציון,צומת עמוס - T,35.20239777,31.64046215,HTS - הרכשה
4197,Site13NorthRear2,ציר ביאלר מצפון לצומת. נתיב מדרום לצפון2,LPR,חטמר עציון,צומת עמוס - T,35.20239539,31.64046215,HTS - הרכשה
4194,Site13SouthFront2,ציר ביאלר מצפון לצומת. נתיב מצפון לדרום,LPR,חטמר עציון,צומת עמוס - T,35.20225738,31.64045264,HTS - הרכשה
4190,Site13EastFront,ציר הוואלי לכיוון מזרח (מאפרת לצומת ה T),LPR,חטמר עציון,צומת עמוס - T,35.20200159,31.64025157,HTS - הרכשה
4195,Site13WestRear,ציר הוואלי לכיוון מערב (מצומת ה T לכיוון אפרת),LPR,חטמר עציון,צומת עמוס - T,35.20197303,31.64026109,HTS - הרכשה
11849,6115_91,יציאה מכיוון רפידא צפונה (9 מגה)(נתיקות),LPR,חטמר עציון,צומת רפידא,35.22768,31.66481,נתיקות - הרכשה
11850,6115_92,כניסה ויציאה מכיוון רפידא (5 מגה)(נתיקות),LPR,חטמר עציון,צומת רפידא,35.22768,31.66481,נתיקות - הרכשה
12038,76_91,לכיוון איסככא (9 מגה)(נתיקות),LPR,חטמר שומרון,גשר איסככא,35.218171,32.098945,נתיקות - הרכשה
11823,6226_82,ציר נסיעה סלפית-איסככא (5 מגה)(נתיקות),LPR,חטמר שומרון,גשר איסככא,35.218045,32.098831,נתיקות - הרכשה
12232,252_90,ירידה מהר ברכה (9 מגה)(נתיקות),LPR,חטמר שומרון,חווה 5 - כיכר חטיבה,35.272441,32.176289,נתיקות - הרכשה
9147,160_90,כניסה לשכם (7 מגה)(נתיקות),LPR,חטמר שומרון,חווה 5 - כיכר חטיבה,35.2735,32.1777,נתיקות - הרכשה
3935,Site5NorthRear,כניסה לשכם מחווה 5 אחורי,LPR,חטמר שומרון,חווה 5 - כיכר חטיבה,35.27285361,32.17654778,HTS - הרכשה
3940,Site5WestFront1,לבאים מאיתמר לחווה 5 קידמי 1,LPR,חטמר שומרון,חווה 5 - כיכר חטיבה,35.27298269,32.17623071,HTS - הרכשה
3941,Site5WestFront2,לבאים מאיתמר לחווה 5 קידמי 2,LPR,חטמר שומרון,חווה 5 - כיכר חטיבה,35.27297793,32.1762319,HTS - הרכשה
12231,80_90,לבאים מהחטיבה (9 מגה)(נתיקות),LPR,חטמר שומרון,חווה 5 - כיכר חטיבה,35.272509,32.176568,נתיקות - הרכשה
3933,Site5NorthFront1,לבאים מחווארה לחווה 5 קידמי 1,LPR,חטמר שומרון,חווה 5 - כיכר חטיבה,35.27253535,32.17596302,HTS - הרכשה
3934,Site5NorthFront2,לבאים מחווארה לחווה 5 קידמי 2,LPR,חטמר שומרון,חווה 5 - כיכר חטיבה,35.27253297,32.17596183,HTS - הרכשה
3931,Site5EastRear1,לבאים מחווה 5 לכיוון איתמר אחורי 1,LPR,חטמר שומרון,חווה 5 - כיכר חטיבה,35.27276021,32.1760927,HTS - הרכשה
3932,Site5EastRear2,לבאים מחווה 5 לכיוון איתמר אחורי 2,LPR,חטמר שומרון,חווה 5 - כיכר חטיבה,35.27275188,32.17608675,HTS - הרכשה
12233,69_90,לבאים מכיוון צומת 147 (9 מגה)(נתיקות),LPR,חטמר שומרון,חווה 5 - כיכר חטיבה,35.272419,32.175839,נתיקות - הרכשה
3938,Site5SouthRear1,ליוצאים מחווה 5 לכיוון חווארה אחורי 1,LPR,חטמר שומרון,חווה 5 - כיכר חטיבה,35.27226826,32.17586249,HTS - הרכשה
3939,Site5SouthRear2,ליוצאים מחווה 5 לכיוון לווארה אחורי 2,LPR,חטמר שומרון,חווה 5 - כיכר חטיבה,35.27224744,32.17586073,HTS - הרכשה
3936,Site5SouthFront1,ליוצאים משכם לחווה 5 קדמי 1,LPR,חטמר שומרון,חווה 5 - כיכר חטיבה,35.27266741,32.17663403,HTS - הרכשה
3937,Site5SouthFront2,ליוצאים משכם לחווה 5 קדמי 2,LPR,חטמר שומרון,חווה 5 - כיכר חטיבה,35.27266147,32.17663523,HTS - הרכשה
8931,247_82,יציאה מעוורתא (5 מגה)(נתיקות),LPR,חטמר שומרון,חווה 6 ,35.2833,32.1788,נתיקות - הרכשה
8930,247_81,כניסה מעוורתא (5 מגה)(נתיקות),LPR,חטמר שומרון,חווה 6 ,35.2833,32.1788,נתיקות - הרכשה
3947,Site89SouthFront1,הגעה מאלון מורה לחווה 7 קדמי 1,LPR,חטמר שומרון,חווה 7,35.31829358,32.19978737,HTS - הרכשה
3948,Site89SouthFront2,הגעה מאלון מורה לחווה 7 קדמי 2,LPR,חטמר שומרון,חווה 7,35.31828882,32.19978023,HTS - הרכשה
3949,Site89NorthRear,הגעה מחווה 7 לכיוון אלון מורה אחורי,LPR,חטמר שומרון,חווה 7,35.31847561,32.19971361,HTS - הרכשה
3942,Site89EastFront1,יציאה מבית פוריק לציר זברה קדמי 1,LPR,חטמר שומרון,חווה 7,35.31771775,32.19879514,HTS - הרכשה
3943,Site89EastFront2,יציאה מבית פוריק לציר זברה קדמי 2,LPR,חטמר שומרון,חווה 7,35.31769871,32.19876182,HTS - הרכשה
3950,Site89EastSouthFront,יציאה משכם לחווה 7 קדמי,LPR,חטמר שומרון,חווה 7,35.31696108,32.19989445,HTS - הרכשה
3944,Site89EastFront3,כניסה \ יציאה מבית פוריק נתיב מרכזי,LPR,חטמר שומרון,חווה 7,35.31770347,32.19878086,HTS - הרכשה
3951,Site89NorthWestRear,כניסה לשכם מחווה 7 אחורי,LPR,חטמר שומרון,חווה 7,35.31700391,32.19989207,HTS - הרכשה
3945,Site89EastRear1,לכיוון בית פוריק מציר זברה אחורי 1,LPR,חטמר שומרון,חווה 7,35.31770823,32.19875706,HTS - הרכשה
3946,Site89EastRear2,לכיוון בית פוריק מציר זברה אחורי 2,LPR,חטמר שומרון,חווה 7,35.31768682,32.19875469,HTS - הרכשה
11638,90_90,לכיוון שכם קדמי/יציאה משכם אחורי (7 מגה)(נתיקות),LPR,חטמר שומרון,חווה 7,35.3178,32.1997,נתיקות - הרכשה
8927,206_90,כניסה/יציאה מהחסם (7 מגה)(נתיקות),LPR,חטמר שומרון,חסם שומרונים,35.2677,32.2042,נתיקות - הרכשה
12188,01_93,הגעה מדרום/סבסטיה קדמי (9 מגה)(נתיקות),LPR,חטמר שומרון,מחסום גנות ,35.188,32.2645,נתיקות - הרכשה
11708,01_91,הגעה מצפון/סבסטיה קדמי - לכיוון צפון/סבסטיה אחורי (9 מגה)(נתיקות),LPR,חטמר שומרון,מחסום גנות ,35.188047,32.264422,נתיקות - הרכשה
12189,01_92,מ\לציר בריח (5 מגה)(נתיקות),LPR,חטמר שומרון,מחסום גנות ,35.188,32.2645,נתיקות - הרכשה
12877,890_91,כניסה ויציאה משכם,LPR,חטמר שומרון,מתג 17 - צומת הבית הבודד,35.24425,32.2461,נתיקות - הרכשה
13011,994_901,לכיוון יוצאים ונכנסים לביתות,LPR,חטמר שומרון,עוקף 1,35.261515,32.136971,נתיקות - הרכשה
13004,165_901,לכיוון הביתות,LPR,חטמר שומרון,עוקף 3,35.267808,32.148963,נתיקות - הרכשה
13005,1153_901,הבאים מדרום לצפון על העוקף,LPR,חטמר שומרון,עוקף 5,35.264964,32.161368,נתיקות - הרכשה
13006,1153_902,ציר מסדרון חווארה עוורתא,LPR,חטמר שומרון,עוקף 5,35.264964,32.161368,נתיקות - הרכשה
11685,Site02131SouthFront1,הגעה לצומת 50 מהבקעה (קדמי 1),LPR,חטמר שומרון,צומת 50,32.07449,35.354017,HTS - הרכשה
11686,Site02132SouthFront2,הגעה לצומת 50 מהבקעה (קדמי 2),LPR,חטמר שומרון,צומת 50,32.07349,35.354017,HTS - הרכשה
11683,Site02121EastFront1,הגעה מתפוח לצומת 50 (קדמי 1),LPR,חטמר שומרון,צומת 50,32.074282,35.35264,HTS - הרכשה
11684,Site02122EastFront2,הגעה מתפוח לצומת 50 (קדמי 2),LPR,חטמר שומרון,צומת 50,32.074282,35.35264,HTS - הרכשה
11821,4232_93,הנוסעים לכיוון תפוח (9 מגה)(נתיקות),LPR,חטמר שומרון,צומת 50,35.35329,32.0737468,נתיקות - הרכשה
11687,Site02133NorthRear,הנוסעים מצומת 50 לבקעה (אחורי),LPR,חטמר שומרון,צומת 50,32.07349,35.354017,HTS - הרכשה
11681,Site02111WestRear1,הנוסעים מצומת 50 לכיוון תפוח (אחורי),LPR,חטמר שומרון,צומת 50,32.074233,35.352861,HTS - הרכשה
11682,Site02112WestRear2,הנוסעים מצומת 50 לכיוון תפוח שוליים (אחורי),LPR,חטמר שומרון,צומת 50,32.074233,35.352861,HTS - הרכשה
11820,4229_92,למרכז הצומת והבאים מכיוון תפוח (9 מגה)(נתיקות),LPR,חטמר שומרון,צומת 50,35.35381587,32.07310987,נתיקות - הרכשה
11819,4226_91,מכיוון הבקעה לצומת 50 (9 מגה)(נתיקות),LPR,חטמר שומרון,צומת 50,35.353973,32.07337673,נתיקות - הרכשה
12675,Blue_5,Blue_5,LPR,חטמר שומרון,צומת X,NULL,NULL,נתיקות - הרכשה
12329,255_91,לכיוון תל (כחול חשאי),LPR,חטמר שומרון,צומת X,35.23051284,32.1958155,נתיקות - הרכשה
11906,154_92,הנוסעים ממזרח למערב (3 מגה)(נתיקות),LPR,חטמר שומרון,צומת איתמר,35.305285,32.179156,נתיקות - הרכשה
11905,154_91,הנוסעים ממערב למזרח (3 מגה)(נתיקות),LPR,חטמר שומרון,צומת איתמר,35.305285,32.179156,נתיקות - הרכשה
13022,481_91,צומת בריח (כחול חשאי),LPR,חטמר שומרון,צומת בריח,35.189927,32.263999,נתיקות - הרכשה
12364,3142_902,לכיוון דרום (5 מגה) (נתיקות),LPR,חטמר שומרון,צומת ג'וריש,35.342195,32.105364,נתיקות - הרכשה
12363,3142_901,לכיוון תפוח (5 מגה) (נתיקות),LPR,חטמר שומרון,צומת ג'וריש,35.342195,32.105364,נתיקות - הרכשה
4147,Site1SouthEastRear,הגעה לג'ית מחוות גלעד אחורי,LPR,חטמר שומרון,צומת ג'ית,35.17782686,32.21539144,HTS - הרכשה
4146,Site1NorthWestFront,הגעה לג'ית מחוות גלעד קדמי,LPR,חטמר שומרון,צומת ג'ית,35.17780663,32.21538787,HTS - הרכשה
4148,Site1SouthFront1,"הגעה לגית משב""ש קדמי1",LPR,חטמר שומרון,צומת ג'ית,35.17580788,32.21702375,HTS - הרכשה
4149,Site1SouthFront2,"הגעה לגית משב""ש קדמי2",LPR,חטמר שומרון,צומת ג'ית,35.17580788,32.217019,HTS - הרכשה
9008,78_90,הגעה לג'ית משכם/חוות גלעד (7 מגה)(נתיקות),LPR,חטמר שומרון,צומת ג'ית,35.177327,32.215976,נתיקות - הרכשה
4143,Site1EastFront1,הגעה מכיוון קדומים לג'ית קדמי 1,LPR,חטמר שומרון,צומת ג'ית,35.17441471,32.21665493,HTS - הרכשה
4144,Site1EastFront2,הגעה מכיוון קדומים לג'ית קדמי 2,LPR,חטמר שומרון,צומת ג'ית,35.1744159,32.21665017,HTS - הרכשה
12870,612_91,הנוסעים לכיוון קדומים (9 מגה)(נתיקות),LPR,חטמר שומרון,צומת ג'ית,35.17481339,32.21664378,NULL
4150,Site1WestRear1,הנוסעים לכיוון קדומים לג'ית אחורי 1,LPR,חטמר שומרון,צומת ג'ית,35.17447658,32.21676914,HTS - הרכשה
4151,Site1WestRear2,הנוסעים לכיוון קדומים לג'ית אחורי 2,LPR,חטמר שומרון,צומת ג'ית,35.17447301,32.21676914,HTS - הרכשה
12355,4109_91,כניסה לשכם אחורי (5 מגה)(נתיקות),LPR,חטמר שומרון,צומת ג'ית,35.178192,32.215522,נתיקות - הרכשה
12356,4109_92,כניסה לשכם קדמי (9 מגה)(נתיקות),LPR,חטמר שומרון,צומת ג'ית,35.178192,32.215522,נתיקות - הרכשה
11634,114_90,לבאים מכביש 60 לצומת ג'ית (9 מגה)(נתיקות),LPR,חטמר שומרון,צומת ג'ית,35.177923,32.21575,נתיקות - הרכשה
4145,Site1NorthRear,"לכיוון שב""ש מג'ית אחורי",LPR,חטמר שומרון,צומת ג'ית,35.17583168,32.21702375,HTS - הרכשה
11635,29_90,עליה לכיוון מזרח לכביש 60 (9 מגה)(נתיקות),LPR,חטמר שומרון,צומת ג'ית,35.177867,32.215267,נתיקות - הרכשה
12328,40_91,לכיוון הכיכר (כחול חשאי),LPR,חטמר שומרון,צומת הביתות,35.258212,32.137253,נתיקות - הרכשה
12353,150_91,הבאים מדיר שרף (9 מגה) (נתיקות),LPR,חטמר שומרון,צומת הגז,35.170778,32.264212,נתיקות - הרכשה
11627,124_81,לכיוון דרום מזרח - צומת 147 (5 מגה)(נתיקות),LPR,חטמר שומרון,צומת חוות גלעד ,35.184777,32.199902,נתיקות - הרכשה
11628,124_82,לכיוון צפון - צומת ג'ית (5 מגה)(נתיקות),LPR,חטמר שומרון,צומת חוות גלעד ,35.184777,32.199902,נתיקות - הרכשה
12461,423_91,לכיוון הציר (PTZ-LPR) (נתיקות),LPR,חטמר שומרון,צומת חומש,35.179838,32.30866,נתיקות - הרכשה
12462,488_91,לכיוון צומת חומש (PTZ-LPR)(נתיקות),LPR,חטמר שומרון,צומת חומש,35.186155,32.310022,נתיקות - הרכשה
12965,243_91,הבאים מכביש 555 (9 מגה)(נתיקות),LPR,חטמר שומרון,צומת יצהר הגדולה 147,35.26240333,32.16401768,NULL
12966,122_90,נכנסים לכיכר מכיוון העוקף,LPR,חטמר שומרון,צומת יצהר הגדולה 147,35.2624,32.164018,NULL
11415,LPR-HIK-SHY-10-2,צ. יצהר הקטנה למזרח מ-י,LPR,חטמר שומרון,צומת יצהר הקטנה,35.249225,32.174049,משטרה - הרכשה
11414,LPR-HIK-SHY-10-1,צ. יצהר הקטנה למערב מ-י,LPR,חטמר שומרון,צומת יצהר הקטנה,35.249225,32.1774049,משטרה - הרכשה
12205,157_81,לכיוון כפר יאסוף (5 מגה)(נתיקות),LPR,חטמר שומרון,צומת כפר תפוח,35.248764,31.114667,נתיקות - הרכשה
11630,157_82,ציר יציאה מיאסוף/כפר תפוח לכיוון צומת תפוח (5 מגה)(נתיקות),LPR,חטמר שומרון,צומת כפר תפוח,35.248764,32.114677,נתיקות - הרכשה
11865,347_92,הבאים מכיוון צומת אלון - מזרח (5 מגה)(נתיקות),LPR,חטמר שומרון,צומת מגדלים,35.348774,32.090988,נתיקות - הרכשה
11864,347_91,הבאים מכיוון צומת תפוח - מערב (5 מגה)(נתיקות),LPR,חטמר שומרון,צומת מגדלים,35.348774,32.090988,נתיקות - הרכשה
11866,347_93,כניסה ויציאה ממגדלים (9 מגה)(נתיקות),LPR,חטמר שומרון,צומת מגדלים,35.348774,32.090988,נתיקות - הרכשה
12673,127_91,לכיוון הכפר שני הנתיבים (PTZ LPR) (נתיקות),LPR,חטמר שומרון,צומת עוסרין,35.316457,32.119476,נתיקות - הרכשה
12357,597_91,לכיוון מגדלים שני הנתיבים (PTZ-LPR)(נתיקות),LPR,חטמר שומרון,צומת עקרבה,35.316457,32.119476,נתיקות - הרכשה
11608,8160_82,הגעה מצומת ג'ינספוט (9 מגה)(נתיקות),LPR,חטמר שומרון,צומת קדומים ,35.1582,32.2078,נתיקות - הרכשה
11609,8160_81,הגעה מצומת ג'ית (5 מגה)(נתיקות),LPR,חטמר שומרון,צומת קדומים ,35.1582,32.2078,נתיקות - הרכשה
11631,2116_91,יציאה מיישוב רחלים (9 מגה)(נתיקות),LPR,חטמר שומרון,צומת רחלים,35.245228,32.099963,נתיקות - הרכשה
11633,2252_91,ציר 60 למגיעים מדרום לכיוון צפון (9 מגה)(נתיקות),LPR,חטמר שומרון,צומת רחלים,35.246225,32.099201,נתיקות - הרכשה
11632,880_91,ציר 60 למגיעים מצפון לכיוון דרום (9 מגה)(נתיקות),LPR,חטמר שומרון,צומת רחלים,35.24645,32.100855,נתיקות - הרכשה
12871,542_901,הבאים מכיוון בית ליד (9 מגה)(נתיקות),LPR,חטמר שומרון,"צומת שב""ש",35.17521712,32.2165211,NULL
3958,Site69NorthFront1,"לבאים מג'ית לצומת שב""ש קדמי 1",LPR,חטמר שומרון,"צומת שב""ש",35.16898062,32.26415458,HTS - הרכשה
3959,Site69NorthFront2,"לבאים מג'ית לצומת שב""ש קדמי 2",LPR,חטמר שומרון,"צומת שב""ש",35.16895742,32.26413945,HTS - הרכשה
3960,Site69SouthFront1,"לבאים מעינב לצומת שב""ש קידמי 1",LPR,חטמר שומרון,"צומת שב""ש",35.16782896,32.26537048,HTS - הרכשה
4867,Site69SouthFront2,"לבאים מעינב לצומת שב""ש קידמי 2",LPR,חטמר שומרון,"צומת שב""ש",32.265387,35.167832,HTS - הרכשה
3961,Site69SouthRear,"לבאים מצומת שב""ש לכיוון ג'ית אחורי",LPR,חטמר שומרון,"צומת שב""ש",35.16897169,32.26413707,HTS - הרכשה
4866,Site69NorthRear,"לבאים מצומת שב""ש לעינב אחורי",LPR,חטמר שומרון,"צומת שב""ש",32.265387,35.167832,HTS - הרכשה
11626,1227_91,לבאים מכיוון הביתות (9 מגה)(נתיקות),LPR,חטמר שומרון,צומת תפוח,35.258041,32.116297,נתיקות - הרכשה
11410,LPR-HIK-SHY-8,צ. תפוח כ. 505 למזרח מ-י,LPR,חטמר שומרון,צומת תפוח,35.258423,32.115253,משטרה - הרכשה
11409,LPR-HIK-SHY-7,צ. תפוח כ. 505 למערב מ-י,LPR,חטמר שומרון,צומת תפוח,35.258423,32.115433,משטרה - הרכשה
12690,7136_904,לכיוון היוצאים והנכנסים לצומת תפוח מדרום (PTZ LPR)(נתיקות),LPR,חטמר שומרון,צומת תפוח דרום,35.257575,32.115028,נתיקות - הרכשה
11624,7136_901,הבאים לצומת תפוח מכיוון אריאל (5 מגה)(נתיקות),LPR,חטמר שומרון,צומת תפוח מערב ,35.256567,32.116201,נתיקות - הרכשה
11625,7136_902,היוצאים מצומת תפוח לכיוון אריאל (5 מגה)(נתיקות),LPR,חטמר שומרון,צומת תפוח מערב ,35.256567,32.116201,נתיקות - הרכשה
12689,7136_903,לכיוון הנכנסים והיוצאים מצומת תפוח לכיוון צפון (PTZ LPR)(נתיקות),LPR,חטמר שומרון,צומת תפוח צפון,35.25751,32.116436,נתיקות - הרכשה
11411,LPR-HIK-SHY-14-1,צ. תפוח צפון כ. 60 לדרום מ-י,LPR,חטמר שומרון,צומת תפוח צפון,35.257534,32.117233,משטרה - הרכשה
11698,LPR-HIK-SHY-14-2,צ. תפוח צפון כ. 60 לצפון מ-י,LPR,חטמר שומרון,צומת תפוח צפון,35.257534,32.117233,משטרה - הרכשה
11606,202_91,הגעה מכביש 60 לכפר (5 מגה)(נתיקות),LPR,חטמר שומרון,ציר מלך - אצבע גביע,35.2305729,32.18947,נתיקות - הרכשה
11607,202_93,הגעה ממדמא לכיוון צפון (9 מגה)(נתיקות),LPR,חטמר שומרון,ציר מלך - אצבע גביע,35.2305729,32.18947,נתיקות - הרכשה
12376,91_81,לכיוון אסויה (5 מגה - אווירה)(נתיקות),LPR,חטמר שומרון,רחלים - קמינסקי,35.26141,32.103099,נתיקות - הרכשה
12375,91_82,לכיוון יתמא (5 מגה)(נתיקות),LPR,חטמר שומרון,רחלים - קמינסקי,35.26141,32.103099,נתיקות - הרכשה
12575,98_92,לבאים מכיוון מזרח (5 מגה)(נתיקות),LPR,חטמר שומרון,תפוח מזרח,35.261204,32.115356,נתיקות - הרכשה
12574,98_91,לבאים מכיוון מערב (5 מגה)(נתיקות),LPR,חטמר שומרון,תפוח מזרח,35.261204,32.115356,נתיקות - הרכשה
